"RESULTADO","DATA_EXECUCAO","PRODUTO","TEMPO_PLAN","TEMPO_REAL","OPERACAO","NOME","ID_PESSOA"
1,2013-11-20 00:00:00.000000000,"00GVC",8.31,8.14,39,"George Washington",1
0,2012-01-14 00:00:00.000000000,"00GVC",2.93,3.14,30,"George Washington",1
1,2013-11-07 00:00:00.000000000,"00GVC",0.7,0.63,16,"George Washington",1
1,2014-05-08 00:00:00.000000000,"01IEO",0.51,0.48,10,"George Washington",1
1,2014-05-07 00:00:00.000000000,"01IEO",4.86,4.82,5,"George Washington",1
0,2011-01-01 00:00:00.000000000,"03C6L",0.27,0.28,19,"George Washington",1
1,2009-02-01 00:00:00.000000000,"03C6L",0.26,0.24,6,"George Washington",1
1,2017-11-01 00:00:00.000000000,"07GHA",4.73,4.26,7,"George Washington",1
1,2013-10-28 00:00:00.000000000,"07GHA",5.33,5.17,5,"George Washington",1
1,2014-04-11 00:00:00.000000000,"07GHA",2.59,2.18,14,"George Washington",1
1,2019-09-20 00:00:00.000000000,"096VW",5.93,4.92,42,"George Washington",1
1,2017-01-17 00:00:00.000000000,"096VW",3.21,3.14,17,"George Washington",1
1,2017-04-01 00:00:00.000000000,"096VW",1.43,1.4,31,"George Washington",1
0,2019-03-09 00:00:00.000000000,"0A6IO",8.4,8.53,22,"George Washington",1
1,2013-12-06 00:00:00.000000000,"0A6IO",5.34,5.13,19,"George Washington",1
1,2015-04-27 00:00:00.000000000,"0B8JX",3.12,2.91,20,"George Washington",1
1,2017-10-20 00:00:00.000000000,"0BXVJ",9.54,9.06,2,"George Washington",1
1,2018-08-11 00:00:00.000000000,"0BXVJ",8.97,7.53,3,"George Washington",1
1,2012-08-18 00:00:00.000000000,"0H5CR",4.98,4.8,20,"George Washington",1
0,2013-10-03 00:00:00.000000000,"0HYB2",8.95,8.95,13,"George Washington",1
1,2019-09-09 00:00:00.000000000,"0HYB2",9.85,8.18,32,"George Washington",1
1,2019-05-18 00:00:00.000000000,"0HYB2",7.8,6.94,33,"George Washington",1
1,2015-01-23 00:00:00.000000000,"0IM8B",7.59,7.06,13,"George Washington",1
1,2016-02-04 00:00:00.000000000,"0ISQE",6.02,5.9,4,"George Washington",1
1,2015-07-01 00:00:00.000000000,"0JD0P",4.86,4.08,16,"George Washington",1
0,2011-07-20 00:00:00.000000000,"0LCSZ",3.44,3.44,12,"George Washington",1
1,2013-08-22 00:00:00.000000000,"0LCSZ",2.08,1.97,19,"George Washington",1
1,2018-09-07 00:00:00.000000000,"0OD58",8.63,8.37,4,"George Washington",1
1,2018-07-11 00:00:00.000000000,"0OD58",2.48,2.03,43,"George Washington",1
1,2010-08-06 00:00:00.000000000,"0OD58",2.48,2.03,43,"George Washington",1
0,2012-12-08 00:00:00.000000000,"0OD58",2.48,2.69,43,"George Washington",1
1,2016-06-09 00:00:00.000000000,"0OZBT",3.89,3.58,12,"George Washington",1
1,2018-08-03 00:00:00.000000000,"0OZBT",7.63,6.33,4,"George Washington",1
1,2015-07-29 00:00:00.000000000,"0OZBT",7.63,7.02,4,"George Washington",1
1,2014-05-23 00:00:00.000000000,"0OZBT",0.16,0.15,17,"George Washington",1
1,2018-10-03 00:00:00.000000000,"0PW5H",6.97,6.83,19,"George Washington",1
1,2015-12-18 00:00:00.000000000,"0SQIM",4.82,4.05,38,"George Washington",1
1,2017-02-16 00:00:00.000000000,"0SQIM",2.88,2.79,22,"George Washington",1
1,2017-12-05 00:00:00.000000000,"0SQIM",2.89,2.8,29,"George Washington",1
1,2019-04-10 00:00:00.000000000,"0TLU5",8.53,7.08,15,"George Washington",1
1,2012-07-09 00:00:00.000000000,"0TLU5",5.03,4.53,25,"George Washington",1
1,2012-06-18 00:00:00.000000000,"0VP78",3.68,2.94,13,"George Washington",1
0,2019-02-09 00:00:00.000000000,"0WB9Z",1.84,1.96,2,"George Washington",1
1,2012-07-17 00:00:00.000000000,"0WRXS",1.38,1.31,6,"George Washington",1
1,2009-06-23 00:00:00.000000000,"0WRXS",7.67,6.98,28,"George Washington",1
1,2011-09-14 00:00:00.000000000,"0WRXS",8.32,6.66,11,"George Washington",1
1,2019-11-05 00:00:00.000000000,"0XV51",4.91,4.61,1,"George Washington",1
1,2011-04-27 00:00:00.000000000,"0XV51",1.57,1.38,10,"George Washington",1
1,2009-04-28 00:00:00.000000000,"0ZTQC",9.7,7.96,9,"George Washington",1
1,2009-01-30 00:00:00.000000000,"0ZTQC",6.46,5.62,17,"George Washington",1
0,2014-05-31 00:00:00.000000000,"10GUU",9.38,10.01,26,"George Washington",1
1,2018-09-04 00:00:00.000000000,"10GUU",1.4,1.24,33,"George Washington",1
0,2012-09-07 00:00:00.000000000,"10GUU",2.93,3,12,"George Washington",1
1,2017-07-31 00:00:00.000000000,"11H2S",9.27,8.07,10,"George Washington",1
1,2016-05-12 00:00:00.000000000,"15PXV",3.91,3.64,20,"George Washington",1
1,2014-09-04 00:00:00.000000000,"1CJ28",2.49,2.34,2,"George Washington",1
1,2013-07-14 00:00:00.000000000,"1CJ28",7.47,7.07,6,"George Washington",1
1,2010-12-30 00:00:00.000000000,"1EIY7",5.79,5.1,12,"George Washington",1
0,2019-09-23 00:00:00.000000000,"1H4DM",3.15,3.4,17,"George Washington",1
1,2009-09-03 00:00:00.000000000,"1IIC6",1.1,1.02,1,"George Washington",1
1,2011-01-15 00:00:00.000000000,"1IX2L",6.06,5.22,26,"George Washington",1
1,2018-03-09 00:00:00.000000000,"1IX2L",1.4,1.28,11,"George Washington",1
1,2015-05-11 00:00:00.000000000,"1MGBO",3.58,2.93,32,"George Washington",1
1,2014-12-03 00:00:00.000000000,"1MGBO",6.92,6.5,23,"George Washington",1
0,2018-11-18 00:00:00.000000000,"1MR3E",4.08,4.08,17,"George Washington",1
1,2012-05-24 00:00:00.000000000,"1OT2H",7.67,7.12,45,"George Washington",1
1,2011-03-18 00:00:00.000000000,"1OT2H",3.15,3.02,21,"George Washington",1
1,2016-12-11 00:00:00.000000000,"1T1WT",9.26,8.79,20,"George Washington",1
1,2011-05-27 00:00:00.000000000,"1T1WT",8.75,8.22,32,"George Washington",1
1,2012-03-14 00:00:00.000000000,"1T1WT",9.26,8.89,20,"George Washington",1
1,2018-09-24 00:00:00.000000000,"1URCQ",4.01,3.72,28,"George Washington",1
0,2011-09-19 00:00:00.000000000,"1W8DO",7.92,7.92,46,"George Washington",1
1,2016-12-27 00:00:00.000000000,"1W8DO",0.49,0.4,18,"George Washington",1
1,2018-04-07 00:00:00.000000000,"1W8DO",9.01,8.86,4,"George Washington",1
1,2009-02-07 00:00:00.000000000,"1XV6A",2.73,2.53,1,"George Washington",1
0,2017-11-03 00:00:00.000000000,"20XCP",9.28,9.28,11,"George Washington",1
1,2012-06-28 00:00:00.000000000,"2228Z",8.54,7.17,17,"George Washington",1
1,2017-04-18 00:00:00.000000000,"2228Z",2.46,2.02,3,"George Washington",1
1,2017-10-31 00:00:00.000000000,"2666K",4.86,3.94,1,"George Washington",1
0,2019-03-27 00:00:00.000000000,"26XOE",6.39,6.39,9,"George Washington",1
0,2011-06-23 00:00:00.000000000,"280WP",0.05,0.05,25,"George Washington",1
1,2018-10-19 00:00:00.000000000,"280WP",2.22,1.96,41,"George Washington",1
0,2014-04-19 00:00:00.000000000,"280WP",5.02,5.09,14,"George Washington",1
1,2010-06-05 00:00:00.000000000,"2AJB5",1.22,1.19,2,"George Washington",1
1,2014-02-14 00:00:00.000000000,"2AJB5",3.68,3.61,31,"George Washington",1
1,2011-02-08 00:00:00.000000000,"2FM2J",6.16,5.05,11,"George Washington",1
0,2013-12-21 00:00:00.000000000,"2FM2J",4.13,4.25,10,"George Washington",1
1,2016-04-16 00:00:00.000000000,"2FM2J",2.51,2.43,2,"George Washington",1
1,2011-02-26 00:00:00.000000000,"2GC0V",8.7,8.18,1,"George Washington",1
1,2015-12-29 00:00:00.000000000,"2GSVD",9.56,8.6,13,"George Washington",1
1,2014-03-24 00:00:00.000000000,"2IA22",1.69,1.63,20,"George Washington",1
1,2009-12-08 00:00:00.000000000,"2IA22",5.23,4.34,28,"George Washington",1
1,2013-11-08 00:00:00.000000000,"2IA22",5.78,5.32,46,"George Washington",1
1,2011-06-24 00:00:00.000000000,"2SLS0",9.1,8.64,14,"George Washington",1
1,2018-01-20 00:00:00.000000000,"2SLS0",9.59,9.18,4,"George Washington",1
0,2015-06-13 00:00:00.000000000,"2SVKS",6.21,6.94,7,"George Washington",1
0,2014-01-28 00:00:00.000000000,"2SVKS",1.57,1.63,13,"George Washington",1
1,2013-01-02 00:00:00.000000000,"2VWI7",7.61,6.09,22,"George Washington",1
1,2012-09-08 00:00:00.000000000,"2VWI7",0.19,0.17,15,"George Washington",1
1,2012-03-28 00:00:00.000000000,"2VWI7",9.92,8.9,29,"George Washington",1
1,2018-01-18 00:00:00.000000000,"31IUT",9.29,8.17,34,"George Washington",1
1,2013-06-24 00:00:00.000000000,"32XWN",0.83,0.71,5,"George Washington",1
1,2010-07-23 00:00:00.000000000,"32XWN",2.15,2.02,15,"George Washington",1
1,2012-07-14 00:00:00.000000000,"32XWN",0.83,0.78,5,"George Washington",1
0,2016-04-13 00:00:00.000000000,"32XWN",0.11,0.11,7,"George Washington",1
1,2017-10-27 00:00:00.000000000,"360JS",1.86,1.84,6,"George Washington",1
1,2009-09-11 00:00:00.000000000,"367PT",1.7,1.62,23,"George Washington",1
1,2011-07-09 00:00:00.000000000,"367PT",7.52,6.83,42,"George Washington",1
0,2017-08-09 00:00:00.000000000,"367PT",9.12,9.12,29,"George Washington",1
0,2013-09-24 00:00:00.000000000,"37298",0.36,0.36,31,"George Washington",1
1,2018-11-12 00:00:00.000000000,"37298",6.19,6.07,1,"George Washington",1
1,2010-03-11 00:00:00.000000000,"3AYI8",9.04,7.32,35,"George Washington",1
0,2017-01-01 00:00:00.000000000,"3AYI8",8.32,8.99,2,"George Washington",1
1,2019-09-04 00:00:00.000000000,"3AYI8",8.71,8.19,30,"George Washington",1
1,2019-03-07 00:00:00.000000000,"3CEPQ",8.04,7.56,1,"George Washington",1
1,2015-03-12 00:00:00.000000000,"3CEPQ",6.91,6.21,24,"George Washington",1
0,2018-07-04 00:00:00.000000000,"3CEPQ",7.18,7.21,9,"George Washington",1
1,2014-03-05 00:00:00.000000000,"3CLNY",1.74,1.46,7,"George Washington",1
1,2019-05-23 00:00:00.000000000,"3DI47",1.8,1.59,23,"George Washington",1
1,2019-04-18 00:00:00.000000000,"3DI47",7.39,6.8,29,"George Washington",1
1,2019-05-30 00:00:00.000000000,"3DI47",9.25,8.51,22,"George Washington",1
1,2013-01-03 00:00:00.000000000,"3F0QP",6.53,5.87,5,"George Washington",1
1,2017-07-17 00:00:00.000000000,"3FFTG",8.34,7.42,5,"George Washington",1
1,2011-06-30 00:00:00.000000000,"3GTLH",1.93,1.88,30,"George Washington",1
1,2015-06-15 00:00:00.000000000,"3GTLH",8.92,7.94,35,"George Washington",1
1,2014-02-11 00:00:00.000000000,"3GTLH",0.72,0.66,46,"George Washington",1
1,2012-06-29 00:00:00.000000000,"3GTLH",1.54,1.4,23,"George Washington",1
1,2015-10-05 00:00:00.000000000,"3HGWL",2.45,2.28,8,"George Washington",1
1,2011-09-23 00:00:00.000000000,"3N11J",8.31,6.98,18,"George Washington",1
0,2011-09-18 00:00:00.000000000,"3N11J",0.47,0.48,7,"George Washington",1
0,2015-08-23 00:00:00.000000000,"3N11J",1.06,1.12,46,"George Washington",1
1,2014-05-01 00:00:00.000000000,"3N5OU",4.89,4.01,12,"George Washington",1
1,2010-08-23 00:00:00.000000000,"3OY4K",6.68,6.35,3,"George Washington",1
1,2018-04-02 00:00:00.000000000,"3OY4K",4.88,4.05,31,"George Washington",1
1,2015-01-04 00:00:00.000000000,"3QNEE",3.37,3.35,5,"George Washington",1
1,2016-11-18 00:00:00.000000000,"3QNEE",2.02,1.69,6,"George Washington",1
1,2014-07-23 00:00:00.000000000,"3R805",4.9,4.06,47,"George Washington",1
0,2015-11-02 00:00:00.000000000,"3R805",2.47,2.47,46,"George Washington",1
1,2009-09-10 00:00:00.000000000,"3RJ5R",9.3,9.02,15,"George Washington",1
1,2019-05-10 00:00:00.000000000,"3SZO0",7.85,7.69,21,"George Washington",1
0,2014-05-11 00:00:00.000000000,"3SZO0",1.8,1.94,9,"George Washington",1
1,2016-09-12 00:00:00.000000000,"3SZO0",3.14,2.54,41,"George Washington",1
1,2016-05-08 00:00:00.000000000,"3TW0T",1.72,1.69,18,"George Washington",1
1,2013-01-24 00:00:00.000000000,"3TW0T",6.93,5.96,24,"George Washington",1
1,2015-02-13 00:00:00.000000000,"3TW0T",5.92,5.33,31,"George Washington",1
1,2019-01-08 00:00:00.000000000,"3YDVF",1.6,1.57,7,"George Washington",1
1,2009-12-25 00:00:00.000000000,"3ZY0H",4.36,4.17,30,"George Washington",1
1,2011-02-15 00:00:00.000000000,"4084G",1.5,1.49,44,"George Washington",1
0,2016-10-16 00:00:00.000000000,"495BR",0.14,0.15,29,"George Washington",1
1,2010-11-18 00:00:00.000000000,"49C1F",5.97,5.01,14,"George Washington",1
1,2016-08-19 00:00:00.000000000,"4BPPU",4.84,4.07,33,"George Washington",1
1,2015-12-15 00:00:00.000000000,"4BPPU",5.28,5.02,1,"George Washington",1
1,2015-05-22 00:00:00.000000000,"4BPPU",0.59,0.51,34,"George Washington",1
1,2011-09-15 00:00:00.000000000,"4BVUF",4.08,3.84,25,"George Washington",1
1,2009-01-14 00:00:00.000000000,"4BVUF",1.31,1.26,6,"George Washington",1
1,2016-10-10 00:00:00.000000000,"4BVUF",1.83,1.72,40,"George Washington",1
1,2015-04-02 00:00:00.000000000,"4BYOU",2.57,2.55,29,"George Washington",1
1,2018-08-27 00:00:00.000000000,"4DJ5Q",5.18,4.98,30,"George Washington",1
1,2011-12-23 00:00:00.000000000,"4DJ5Q",2.36,2.08,25,"George Washington",1
1,2014-12-08 00:00:00.000000000,"4EKR9",5.38,4.63,2,"George Washington",1
1,2019-02-28 00:00:00.000000000,"4FMP9",8.34,7.84,10,"George Washington",1
1,2018-08-06 00:00:00.000000000,"4FMP9",5.9,4.78,43,"George Washington",1
1,2015-01-23 00:00:00.000000000,"4FMP9",4.83,4.63,16,"George Washington",1
1,2009-08-10 00:00:00.000000000,"4I10N",7.79,6.7,6,"George Washington",1
1,2017-09-07 00:00:00.000000000,"4I1VS",9.35,8.98,19,"George Washington",1
1,2016-01-31 00:00:00.000000000,"4L6WG",7.64,6.86,26,"George Washington",1
1,2011-01-06 00:00:00.000000000,"4L6WG",7.64,6.42,26,"George Washington",1
1,2012-01-25 00:00:00.000000000,"4MO0M",4.61,3.74,16,"George Washington",1
1,2012-06-05 00:00:00.000000000,"4R4F9",5.98,5.74,23,"George Washington",1
1,2018-10-21 00:00:00.000000000,"4SPDG",6.44,5.97,15,"George Washington",1
1,2013-03-26 00:00:00.000000000,"4SPDG",9.77,9.48,3,"George Washington",1
1,2015-09-17 00:00:00.000000000,"4TPW4",0.6,0.58,32,"George Washington",1
0,2018-09-29 00:00:00.000000000,"4TPW4",2.51,2.56,29,"George Washington",1
1,2012-10-16 00:00:00.000000000,"4TPW4",2.94,2.62,1,"George Washington",1
1,2014-09-03 00:00:00.000000000,"4TTS2",2.67,2.61,16,"George Washington",1
1,2015-10-16 00:00:00.000000000,"4VDN3",0.39,0.33,6,"George Washington",1
1,2019-07-26 00:00:00.000000000,"4VDN3",5.59,5.53,1,"George Washington",1
0,2016-11-26 00:00:00.000000000,"4X8P4",8.16,8.26,19,"George Washington",1
1,2017-07-12 00:00:00.000000000,"4Z7NW",3,2.94,17,"George Washington",1
1,2010-10-25 00:00:00.000000000,"4Z7NW",5.99,5.51,38,"George Washington",1
0,2010-08-21 00:00:00.000000000,"519IW",3.04,3.21,3,"George Washington",1
0,2012-03-11 00:00:00.000000000,"519IW",8.67,9.89,5,"George Washington",1
1,2019-06-19 00:00:00.000000000,"519IW",7.89,7.8,1,"George Washington",1
0,2017-05-04 00:00:00.000000000,"520UE",0.13,0.13,6,"George Washington",1
1,2019-10-21 00:00:00.000000000,"520UE",0.13,0.12,6,"George Washington",1
1,2011-05-19 00:00:00.000000000,"536VK",8.53,8.36,21,"George Washington",1
0,2012-01-29 00:00:00.000000000,"536VK",2.55,2.58,36,"George Washington",1
1,2011-10-18 00:00:00.000000000,"536VK",5.2,4.57,30,"George Washington",1
1,2018-02-16 00:00:00.000000000,"53EDF",8.39,7.05,22,"George Washington",1
1,2014-06-18 00:00:00.000000000,"53UL8",5.82,5.41,25,"George Washington",1
1,2011-10-29 00:00:00.000000000,"53UL8",1.34,1.27,6,"George Washington",1
1,2015-12-30 00:00:00.000000000,"53ZYQ",8.44,7.26,31,"George Washington",1
0,2013-01-05 00:00:00.000000000,"549KK",5.38,5.59,4,"George Washington",1
1,2012-09-13 00:00:00.000000000,"55G22",4.5,4.19,25,"George Washington",1
1,2015-07-05 00:00:00.000000000,"55G22",8.63,7.96,35,"George Washington",1
1,2010-07-23 00:00:00.000000000,"5GHVF",3.58,3.29,25,"George Washington",1
1,2010-08-18 00:00:00.000000000,"5HQN0",6.29,5.66,8,"George Washington",1
1,2014-04-10 00:00:00.000000000,"5IT1P",9.87,9.67,30,"George Washington",1
1,2011-06-22 00:00:00.000000000,"5O2CO",5.97,5.26,4,"George Washington",1
1,2015-06-03 00:00:00.000000000,"5O2CO",5.74,5.57,30,"George Washington",1
1,2019-03-29 00:00:00.000000000,"5O2CO",9.57,8.8,6,"George Washington",1
0,2013-01-13 00:00:00.000000000,"5O2CO",9.58,10.83,18,"George Washington",1
1,2019-03-23 00:00:00.000000000,"5QWIK",5.22,4.36,37,"George Washington",1
1,2010-10-03 00:00:00.000000000,"5S43J",8.83,7.94,28,"George Washington",1
0,2016-03-19 00:00:00.000000000,"5T5MZ",0.04,0.04,2,"George Washington",1
1,2017-07-17 00:00:00.000000000,"5T5MZ",0.71,0.59,34,"George Washington",1
1,2018-04-25 00:00:00.000000000,"5T5MZ",5.02,4.57,23,"George Washington",1
1,2013-05-23 00:00:00.000000000,"5TPXK",0.09,0.08,5,"George Washington",1
1,2012-12-21 00:00:00.000000000,"5W8HC",3.41,3.2,5,"George Washington",1
0,2012-02-26 00:00:00.000000000,"61YKF",3.81,4.3,8,"George Washington",1
1,2009-03-24 00:00:00.000000000,"62RSL",0.42,0.35,19,"George Washington",1
0,2009-03-22 00:00:00.000000000,"65M2N",3.42,3.69,22,"George Washington",1
1,2017-09-19 00:00:00.000000000,"65M2N",2.73,2.65,4,"George Washington",1
1,2009-03-26 00:00:00.000000000,"68AG2",9.96,9.07,10,"George Washington",1
1,2014-07-03 00:00:00.000000000,"68AG2",5.24,4.19,34,"George Washington",1
0,2019-05-31 00:00:00.000000000,"68BRQ",8.73,8.73,1,"George Washington",1
0,2012-02-19 00:00:00.000000000,"699MN",5.4,5.7,10,"George Washington",1
1,2018-09-22 00:00:00.000000000,"699MN",0.39,0.37,25,"George Washington",1
0,2014-06-25 00:00:00.000000000,"69PF4",4.99,4.99,17,"George Washington",1
1,2013-01-07 00:00:00.000000000,"69PF4",4.48,4.39,15,"George Washington",1
0,2012-05-19 00:00:00.000000000,"6ASJR",9.51,10.06,8,"George Washington",1
1,2015-10-03 00:00:00.000000000,"6ASJR",1.79,1.62,40,"George Washington",1
1,2015-12-02 00:00:00.000000000,"6CFIU",8.34,8.26,12,"George Washington",1
1,2014-06-11 00:00:00.000000000,"6CFIU",6.7,5.9,7,"George Washington",1
1,2009-10-04 00:00:00.000000000,"6DCYD",1.96,1.87,17,"George Washington",1
1,2010-04-09 00:00:00.000000000,"6DCYD",3.33,3.16,2,"George Washington",1
1,2012-06-05 00:00:00.000000000,"6DVMD",3.86,3.36,6,"George Washington",1
1,2016-03-17 00:00:00.000000000,"6DVMD",4.56,4.41,14,"George Washington",1
0,2017-03-21 00:00:00.000000000,"6DVMD",9.16,9.17,2,"George Washington",1
1,2018-04-06 00:00:00.000000000,"6FGVE",3.5,2.9,24,"George Washington",1
1,2013-06-07 00:00:00.000000000,"6FGVE",7.05,6.13,16,"George Washington",1
1,2016-04-05 00:00:00.000000000,"6FGVE",6.97,6.69,11,"George Washington",1
1,2019-09-12 00:00:00.000000000,"6FGVE",5.7,5.36,33,"George Washington",1
1,2018-01-14 00:00:00.000000000,"6GQQF",9.89,8.73,10,"George Washington",1
1,2009-01-30 00:00:00.000000000,"6LB6U",8.63,7.51,29,"George Washington",1
0,2017-05-29 00:00:00.000000000,"6LB6U",7.29,7.66,7,"George Washington",1
0,2011-04-18 00:00:00.000000000,"6NK76",0.22,0.22,16,"George Washington",1
1,2013-01-04 00:00:00.000000000,"6RXA9",5.06,4.1,21,"George Washington",1
1,2017-07-28 00:00:00.000000000,"6RXA9",0.29,0.26,6,"George Washington",1
1,2010-12-07 00:00:00.000000000,"6TXTJ",3.83,3.14,25,"George Washington",1
0,2010-01-09 00:00:00.000000000,"6TXTJ",9.83,10.31,31,"George Washington",1
0,2015-08-10 00:00:00.000000000,"7081I",2.14,2.16,33,"George Washington",1
1,2013-02-10 00:00:00.000000000,"7081I",9.4,8.98,6,"George Washington",1
0,2012-07-29 00:00:00.000000000,"74NL5",0.49,0.51,15,"George Washington",1
1,2013-02-03 00:00:00.000000000,"75L4V",8.37,7.76,13,"George Washington",1
1,2012-03-02 00:00:00.000000000,"75L4V",0.52,0.5,6,"George Washington",1
1,2014-07-31 00:00:00.000000000,"77QCV",0.36,0.35,1,"George Washington",1
1,2009-06-12 00:00:00.000000000,"7BGJ9",9.18,8.63,9,"George Washington",1
1,2013-01-08 00:00:00.000000000,"7BMCX",8.65,7.09,16,"George Washington",1
0,2017-12-24 00:00:00.000000000,"7BMCX",4.7,4.9,18,"George Washington",1
1,2012-04-23 00:00:00.000000000,"7C0T1",2.6,2.45,19,"George Washington",1
1,2014-02-01 00:00:00.000000000,"7C0T1",4.38,4.34,24,"George Washington",1
0,2016-09-11 00:00:00.000000000,"7C9N2",6.48,6.67,6,"George Washington",1
1,2017-08-10 00:00:00.000000000,"7FGIM",3.4,2.76,27,"George Washington",1
1,2011-04-15 00:00:00.000000000,"7IE9S",9.8,8.62,35,"George Washington",1
1,2017-06-17 00:00:00.000000000,"7IE9S",1.58,1.42,20,"George Washington",1
1,2018-12-06 00:00:00.000000000,"7IE9S",2.87,2.53,13,"George Washington",1
0,2016-07-31 00:00:00.000000000,"7LHYM",1.45,1.45,12,"George Washington",1
1,2013-01-30 00:00:00.000000000,"7LHYM",3.06,2.85,13,"George Washington",1
0,2013-02-01 00:00:00.000000000,"7LHYM",0.69,0.72,22,"George Washington",1
0,2016-03-01 00:00:00.000000000,"7LJOW",0.03,0.03,16,"George Washington",1
1,2012-09-17 00:00:00.000000000,"7LJOW",5.8,5.51,5,"George Washington",1
1,2015-04-21 00:00:00.000000000,"7N66D",9.96,9.41,8,"George Washington",1
1,2019-01-04 00:00:00.000000000,"7NP6T",6.07,5.58,1,"George Washington",1
1,2009-03-11 00:00:00.000000000,"7QUXS",5.33,4.9,7,"George Washington",1
1,2012-04-10 00:00:00.000000000,"7QUXS",9.3,7.72,26,"George Washington",1
1,2019-10-11 00:00:00.000000000,"7TJHI",0.34,0.29,9,"George Washington",1
0,2017-02-15 00:00:00.000000000,"7TJHI",0.02,0.02,12,"George Washington",1
0,2016-06-19 00:00:00.000000000,"7TJHI",6.66,6.9,32,"George Washington",1
1,2019-10-27 00:00:00.000000000,"7TJHI",3.99,3.84,31,"George Washington",1
1,2017-07-26 00:00:00.000000000,"7TRXD",3.82,3.29,29,"George Washington",1
1,2009-12-22 00:00:00.000000000,"7TRXD",3.82,3.25,29,"George Washington",1
1,2014-08-01 00:00:00.000000000,"7Y2WS",1.24,1.09,3,"George Washington",1
0,2018-05-29 00:00:00.000000000,"7YBOX",1.11,1.14,14,"George Washington",1
1,2013-02-11 00:00:00.000000000,"7YBOX",5.18,4.71,21,"George Washington",1
0,2012-06-24 00:00:00.000000000,"7YOPV",6.17,6.22,19,"George Washington",1
1,2012-06-17 00:00:00.000000000,"7YOPV",5.71,5.29,3,"George Washington",1
1,2013-09-29 00:00:00.000000000,"7Z8G9",0.6,0.55,24,"George Washington",1
1,2012-02-20 00:00:00.000000000,"815A1",3.25,3.21,22,"George Washington",1
1,2015-07-22 00:00:00.000000000,"815A1",0.24,0.2,9,"George Washington",1
1,2014-06-16 00:00:00.000000000,"81AIS",7.49,7.19,2,"George Washington",1
1,2009-08-13 00:00:00.000000000,"81B39",0.72,0.7,16,"George Washington",1
1,2013-03-27 00:00:00.000000000,"81B39",7.57,6.89,3,"George Washington",1
1,2010-10-17 00:00:00.000000000,"81B39",1.78,1.61,27,"George Washington",1
0,2009-03-08 00:00:00.000000000,"81B39",6.33,6.52,8,"George Washington",1
1,2016-04-02 00:00:00.000000000,"82JKU",5.97,5.63,28,"George Washington",1
0,2015-06-19 00:00:00.000000000,"83SE2",6.3,6.46,32,"George Washington",1
1,2014-01-27 00:00:00.000000000,"83SE2",2.28,1.96,20,"George Washington",1
1,2016-07-16 00:00:00.000000000,"84E9S",8.65,8.32,7,"George Washington",1
1,2016-07-10 00:00:00.000000000,"85P5R",8.83,8.72,15,"George Washington",1
1,2017-03-07 00:00:00.000000000,"85WDI",8.45,6.93,17,"George Washington",1
1,2015-10-03 00:00:00.000000000,"85WDI",5.49,5.39,22,"George Washington",1
1,2011-07-24 00:00:00.000000000,"86X06",3.68,3.31,32,"George Washington",1
1,2011-04-17 00:00:00.000000000,"86X06",7.76,6.58,14,"George Washington",1
1,2014-10-03 00:00:00.000000000,"86X06",3.06,2.66,25,"George Washington",1
1,2013-03-17 00:00:00.000000000,"86X06",9.23,7.38,4,"George Washington",1
1,2019-09-10 00:00:00.000000000,"86X06",1.26,1.19,2,"George Washington",1
1,2017-10-20 00:00:00.000000000,"881OB",2.12,1.7,22,"George Washington",1
1,2017-02-27 00:00:00.000000000,"881OB",3.81,3.46,12,"George Washington",1
1,2016-05-10 00:00:00.000000000,"89U3Y",0.59,0.53,1,"George Washington",1
1,2009-11-11 00:00:00.000000000,"8AAB1",0.77,0.75,11,"George Washington",1
0,2009-11-11 00:00:00.000000000,"8AAB1",2.34,2.34,10,"George Washington",1
1,2010-08-10 00:00:00.000000000,"8AAB1",7.08,6.8,31,"George Washington",1
1,2013-04-22 00:00:00.000000000,"8C752",6.49,6.36,10,"George Washington",1
1,2016-05-27 00:00:00.000000000,"8C752",1.51,1.25,8,"George Washington",1
1,2015-05-26 00:00:00.000000000,"8C752",0.25,0.22,17,"George Washington",1
1,2017-09-19 00:00:00.000000000,"8D73U",1.02,0.84,22,"George Washington",1
1,2010-10-08 00:00:00.000000000,"8D73U",4.7,4.33,34,"George Washington",1
1,2011-05-28 00:00:00.000000000,"8ETY5",8.32,7.18,38,"George Washington",1
1,2009-07-16 00:00:00.000000000,"8ETY5",2.1,2.05,24,"George Washington",1
1,2009-04-08 00:00:00.000000000,"8ETY5",4.03,3.42,14,"George Washington",1
1,2012-07-26 00:00:00.000000000,"8ETY5",9.31,9.03,16,"George Washington",1
0,2019-08-02 00:00:00.000000000,"8IXQO",7.62,7.66,19,"George Washington",1
1,2018-09-25 00:00:00.000000000,"8KNYA",9.86,9.07,14,"George Washington",1
1,2016-09-08 00:00:00.000000000,"8KQ9S",3.93,3.18,6,"George Washington",1
1,2011-08-18 00:00:00.000000000,"8LANJ",3.93,3.3,10,"George Washington",1
1,2015-10-15 00:00:00.000000000,"8N1HN",8.76,7.62,38,"George Washington",1
1,2011-09-30 00:00:00.000000000,"8T1O8",8.04,7.47,4,"George Washington",1
1,2011-04-01 00:00:00.000000000,"8XU9Y",5.15,4.84,20,"George Washington",1
1,2009-03-02 00:00:00.000000000,"8XU9Y",0.22,0.21,4,"George Washington",1
1,2015-08-21 00:00:00.000000000,"8XU9Y",1.73,1.56,3,"George Washington",1
0,2017-09-04 00:00:00.000000000,"8YTZV",2.58,2.63,11,"George Washington",1
1,2015-08-17 00:00:00.000000000,"8ZYG2",0.05,0.04,41,"George Washington",1
1,2013-05-29 00:00:00.000000000,"8ZYG2",2.39,1.96,7,"George Washington",1
0,2014-10-18 00:00:00.000000000,"8ZYG2",2.18,2.59,15,"George Washington",1
1,2011-07-14 00:00:00.000000000,"8ZYG2",2.36,2.1,38,"George Washington",1
1,2010-12-04 00:00:00.000000000,"92US4",5.74,5.62,7,"George Washington",1
1,2009-05-19 00:00:00.000000000,"967JZ",0.38,0.33,7,"George Washington",1
0,2019-10-14 00:00:00.000000000,"967JZ",1.46,1.63,9,"George Washington",1
1,2016-07-21 00:00:00.000000000,"967JZ",8.31,7.73,38,"George Washington",1
1,2011-05-17 00:00:00.000000000,"9AJZN",8.12,7.87,19,"George Washington",1
1,2013-08-21 00:00:00.000000000,"9C9WA",4.98,4.53,21,"George Washington",1
1,2012-08-22 00:00:00.000000000,"9EUNP",1.28,1.22,8,"George Washington",1
0,2016-05-07 00:00:00.000000000,"9FK9X",5.99,6.01,2,"George Washington",1
0,2015-10-04 00:00:00.000000000,"9FK9X",0.33,0.33,4,"George Washington",1
0,2013-11-17 00:00:00.000000000,"9FK9X",0.21,0.24,24,"George Washington",1
1,2018-07-19 00:00:00.000000000,"9FK9X",4.94,4.4,29,"George Washington",1
1,2016-05-21 00:00:00.000000000,"9FK9X",6.78,5.8,28,"George Washington",1
1,2018-01-20 00:00:00.000000000,"9FK9X",0.38,0.36,31,"George Washington",1
1,2014-10-05 00:00:00.000000000,"9FTYM",0.51,0.48,14,"George Washington",1
1,2011-03-19 00:00:00.000000000,"9GSMH",3.27,2.89,28,"George Washington",1
1,2018-11-13 00:00:00.000000000,"9GSMH",0.5,0.43,3,"George Washington",1
1,2009-08-04 00:00:00.000000000,"9HNJC",6.08,5.35,31,"George Washington",1
1,2011-11-15 00:00:00.000000000,"9HNJC",4.94,4.2,24,"George Washington",1
1,2009-12-26 00:00:00.000000000,"9J5RX",6.37,5.91,5,"George Washington",1
0,2012-12-16 00:00:00.000000000,"9J5RX",9.19,10.28,10,"George Washington",1
0,2019-08-08 00:00:00.000000000,"9R1GN",9.58,9.58,24,"George Washington",1
1,2009-07-15 00:00:00.000000000,"9STQJ",5.67,5.16,18,"George Washington",1
1,2009-04-04 00:00:00.000000000,"9UYK8",1.96,1.7,10,"George Washington",1
1,2016-11-15 00:00:00.000000000,"9UYK8",8.25,6.68,1,"George Washington",1
1,2012-09-02 00:00:00.000000000,"9UYK8",2.78,2.63,22,"George Washington",1
1,2018-04-01 00:00:00.000000000,"9UYK8",5.68,5.2,39,"George Washington",1
1,2014-03-10 00:00:00.000000000,"9VWB9",8.9,7.21,11,"George Washington",1
1,2019-03-23 00:00:00.000000000,"9XBLL",4.22,4.21,20,"George Washington",1
0,2011-02-21 00:00:00.000000000,"9XQSN",6.54,6.54,33,"George Washington",1
1,2011-05-20 00:00:00.000000000,"9Y7M0",6.37,5.93,7,"George Washington",1
0,2010-08-23 00:00:00.000000000,"A2IXF",0.08,0.08,10,"George Washington",1
1,2014-02-03 00:00:00.000000000,"A2V3K",4.28,4.11,16,"George Washington",1
1,2015-02-10 00:00:00.000000000,"A59HR",9.92,8.73,18,"George Washington",1
1,2017-11-02 00:00:00.000000000,"A72X8",8.23,6.66,7,"George Washington",1
1,2011-05-18 00:00:00.000000000,"A80CI",6.98,6.91,14,"George Washington",1
0,2014-12-09 00:00:00.000000000,"A8OCS",9.03,9.46,6,"George Washington",1
1,2009-03-24 00:00:00.000000000,"A9P11",3.72,3.38,13,"George Washington",1
1,2011-07-24 00:00:00.000000000,"A9P11",1.57,1.36,12,"George Washington",1
1,2012-06-25 00:00:00.000000000,"A9ZQG",2.06,1.81,2,"George Washington",1
1,2016-06-01 00:00:00.000000000,"A9ZQG",9.32,8.85,9,"George Washington",1
1,2009-04-02 00:00:00.000000000,"AA3Y0",0.49,0.4,10,"George Washington",1
1,2013-06-20 00:00:00.000000000,"AA3Y0",3.47,3.16,19,"George Washington",1
0,2015-01-11 00:00:00.000000000,"ABFD7",0.03,0.03,24,"George Washington",1
0,2013-01-27 00:00:00.000000000,"AE8NP",9.82,10.63,3,"George Washington",1
1,2014-08-30 00:00:00.000000000,"AE8NP",1.24,1.07,9,"George Washington",1
1,2010-09-15 00:00:00.000000000,"AEKO3",5.07,4.96,19,"George Washington",1
1,2013-06-26 00:00:00.000000000,"AH0E0",6.25,5.82,35,"George Washington",1
1,2019-08-26 00:00:00.000000000,"AHAE7",2.07,1.94,13,"George Washington",1
1,2016-02-28 00:00:00.000000000,"AHCKE",8.06,7.56,18,"George Washington",1
1,2010-04-30 00:00:00.000000000,"AHCKE",3.53,3.17,21,"George Washington",1
1,2014-12-30 00:00:00.000000000,"AHCKE",2.08,1.85,13,"George Washington",1
1,2018-02-28 00:00:00.000000000,"AHF52",6.49,5.91,27,"George Washington",1
1,2016-08-13 00:00:00.000000000,"AHF52",4.6,4.08,23,"George Washington",1
1,2018-06-08 00:00:00.000000000,"AHF52",6.44,5.66,12,"George Washington",1
1,2018-03-14 00:00:00.000000000,"AHZNS",7.12,6.05,7,"George Washington",1
1,2016-03-04 00:00:00.000000000,"AJBZ0",1.07,1,13,"George Washington",1
1,2016-11-26 00:00:00.000000000,"AJVOG",9.53,8.94,19,"George Washington",1
0,2011-06-12 00:00:00.000000000,"AJVOG",5.11,5.33,28,"George Washington",1
1,2009-10-28 00:00:00.000000000,"AK33R",1.47,1.38,2,"George Washington",1
1,2011-06-07 00:00:00.000000000,"AOM3I",5.06,4.76,23,"George Washington",1
1,2013-07-12 00:00:00.000000000,"AOM3I",5.06,4.91,23,"George Washington",1
1,2016-04-22 00:00:00.000000000,"AOM3I",8.07,7.1,26,"George Washington",1
1,2017-10-30 00:00:00.000000000,"APEJQ",5.3,4.66,4,"George Washington",1
1,2012-06-24 00:00:00.000000000,"ARZ2R",3.11,2.72,3,"George Washington",1
1,2017-02-10 00:00:00.000000000,"AYAJU",9.32,8.32,1,"George Washington",1
1,2011-06-08 00:00:00.000000000,"B32W0",9.62,9.04,10,"George Washington",1
1,2015-07-10 00:00:00.000000000,"B32W0",9.4,8.18,25,"George Washington",1
1,2010-08-06 00:00:00.000000000,"B32W0",8.43,7.08,30,"George Washington",1
1,2015-07-24 00:00:00.000000000,"B32W0",2.44,2.02,39,"George Washington",1
1,2011-09-15 00:00:00.000000000,"B87MU",2.43,2.22,8,"George Washington",1
1,2014-05-13 00:00:00.000000000,"B8HP4",7.84,7.14,39,"George Washington",1
1,2012-11-04 00:00:00.000000000,"B8HP4",8.36,7.77,24,"George Washington",1
1,2017-05-16 00:00:00.000000000,"B8HP4",3.8,3.04,6,"George Washington",1
1,2016-08-06 00:00:00.000000000,"B8RA7",0.09,0.08,11,"George Washington",1
1,2010-08-04 00:00:00.000000000,"B8RA7",3.88,3.26,13,"George Washington",1
1,2011-06-23 00:00:00.000000000,"BBC93",5.22,4.91,16,"George Washington",1
1,2014-03-06 00:00:00.000000000,"BBC93",3.09,2.78,37,"George Washington",1
1,2016-04-28 00:00:00.000000000,"BC7PM",6.44,5.15,8,"George Washington",1
1,2015-01-24 00:00:00.000000000,"BC7PM",6.31,5.98,12,"George Washington",1
0,2010-02-14 00:00:00.000000000,"BCE9N",4.77,5.24,15,"George Washington",1
1,2013-06-06 00:00:00.000000000,"BCL2Q",8.88,7.28,8,"George Washington",1
0,2017-09-10 00:00:00.000000000,"BCL2Q",1.48,1.5,16,"George Washington",1
0,2017-12-25 00:00:00.000000000,"BCL2Q",0.02,0.02,43,"George Washington",1
1,2010-09-08 00:00:00.000000000,"BDD5Z",2.86,2.61,12,"George Washington",1
1,2019-04-10 00:00:00.000000000,"BI6K5",3.76,3.23,10,"George Washington",1
1,2018-08-28 00:00:00.000000000,"BK9BM",2.67,2.3,2,"George Washington",1
1,2012-02-21 00:00:00.000000000,"BKHWL",7.62,7.09,31,"George Washington",1
1,2019-09-14 00:00:00.000000000,"BKHWL",2.58,2.26,28,"George Washington",1
1,2011-04-06 00:00:00.000000000,"BKQSZ",3.59,3.13,18,"George Washington",1
1,2017-11-30 00:00:00.000000000,"BP4WV",9.68,9.29,25,"George Washington",1
0,2017-06-17 00:00:00.000000000,"BP4WV",2.91,2.97,24,"George Washington",1
1,2014-07-17 00:00:00.000000000,"BP4WV",7.72,6.41,14,"George Washington",1
1,2017-01-23 00:00:00.000000000,"BP4WV",4.29,3.91,34,"George Washington",1
1,2017-12-12 00:00:00.000000000,"BSUIE",8.53,6.91,6,"George Washington",1
0,2014-03-23 00:00:00.000000000,"BSUIE",9.83,10.91,9,"George Washington",1
0,2010-05-16 00:00:00.000000000,"BSUIE",5.96,6.22,21,"George Washington",1
1,2015-04-21 00:00:00.000000000,"BW1M6",7.63,6.64,21,"George Washington",1
0,2009-09-27 00:00:00.000000000,"BX9Z0",8.55,9.19,7,"George Washington",1
1,2015-08-11 00:00:00.000000000,"BY3NU",6.4,5.7,1,"George Washington",1
1,2011-06-02 00:00:00.000000000,"BZL5V",4.59,3.72,25,"George Washington",1
1,2016-02-23 00:00:00.000000000,"C07LW",3.46,2.77,23,"George Washington",1
1,2017-10-06 00:00:00.000000000,"C3R9E",9,8.46,10,"George Washington",1
0,2017-10-08 00:00:00.000000000,"C3R9E",1.98,2.16,17,"George Washington",1
1,2015-05-16 00:00:00.000000000,"C3R9E",9.57,7.99,1,"George Washington",1
1,2012-12-21 00:00:00.000000000,"C6TXL",9.51,7.61,20,"George Washington",1
0,2016-03-31 00:00:00.000000000,"C6TXL",0.89,0.89,36,"George Washington",1
1,2017-09-03 00:00:00.000000000,"C7BXJ",6.34,5.7,12,"George Washington",1
1,2011-02-04 00:00:00.000000000,"C7BXJ",1.41,1.27,15,"George Washington",1
1,2012-10-25 00:00:00.000000000,"C7BXJ",5.69,4.89,39,"George Washington",1
1,2010-08-13 00:00:00.000000000,"C7BXU",4.17,3.83,24,"George Washington",1
1,2014-10-22 00:00:00.000000000,"C7BXU",6.18,5.87,28,"George Washington",1
1,2011-02-03 00:00:00.000000000,"C7BXU",3.95,3.87,22,"George Washington",1
1,2011-07-08 00:00:00.000000000,"C7BXU",1.22,1.19,14,"George Washington",1
1,2014-06-06 00:00:00.000000000,"CB53D",2.03,1.91,22,"George Washington",1
0,2011-11-05 00:00:00.000000000,"CDW3A",6.32,6.87,22,"George Washington",1
1,2009-05-08 00:00:00.000000000,"CDW3A",0.87,0.83,29,"George Washington",1
1,2019-02-12 00:00:00.000000000,"CDW3A",8.77,7.28,14,"George Washington",1
1,2012-04-18 00:00:00.000000000,"COWU2",8.37,6.86,7,"George Washington",1
1,2016-02-14 00:00:00.000000000,"CRK31",8.5,8.32,7,"George Washington",1
1,2019-10-15 00:00:00.000000000,"CRK31",6.44,6.31,18,"George Washington",1
1,2011-12-08 00:00:00.000000000,"CRNMV",0.17,0.15,15,"George Washington",1
0,2009-08-08 00:00:00.000000000,"CRNMV",1.38,1.59,3,"George Washington",1
1,2015-12-07 00:00:00.000000000,"CTIXM",6.77,5.89,26,"George Washington",1
0,2011-09-25 00:00:00.000000000,"CTN07",9.92,10.05,10,"George Washington",1
1,2019-04-03 00:00:00.000000000,"CTN07",3.97,3.77,31,"George Washington",1
1,2009-07-12 00:00:00.000000000,"CTN07",9.03,8.82,36,"George Washington",1
1,2013-05-07 00:00:00.000000000,"CTQEH",3.33,2.86,33,"George Washington",1
1,2019-06-15 00:00:00.000000000,"CTQEH",5.49,4.96,37,"George Washington",1
0,2009-12-02 00:00:00.000000000,"CVEB3",5.84,6.18,32,"George Washington",1
1,2009-05-26 00:00:00.000000000,"CVEB3",2.76,2.65,27,"George Washington",1
1,2012-01-20 00:00:00.000000000,"CVEB3",3.29,2.77,25,"George Washington",1
1,2010-08-17 00:00:00.000000000,"CWB61",0.47,0.39,7,"George Washington",1
1,2015-03-17 00:00:00.000000000,"CYAX0",7.92,7.36,13,"George Washington",1
1,2017-12-05 00:00:00.000000000,"CYAX0",1.83,1.61,3,"George Washington",1
1,2012-11-02 00:00:00.000000000,"CYRX4",1.62,1.29,8,"George Washington",1
1,2012-07-20 00:00:00.000000000,"CZ4DJ",8.27,7.53,9,"George Washington",1
0,2009-01-24 00:00:00.000000000,"D2YKO",7.87,8.27,28,"George Washington",1
1,2017-04-26 00:00:00.000000000,"D7CQM",1.8,1.62,13,"George Washington",1
1,2019-08-26 00:00:00.000000000,"D80TK",4.1,3.57,37,"George Washington",1
1,2011-11-06 00:00:00.000000000,"DE4Z0",7.73,6.74,17,"George Washington",1
1,2011-09-16 00:00:00.000000000,"DE4Z0",5.2,4.37,15,"George Washington",1
0,2014-02-17 00:00:00.000000000,"DFPBD",4.47,4.64,27,"George Washington",1
1,2019-10-26 00:00:00.000000000,"DFPBD",9.14,8.31,9,"George Washington",1
1,2017-12-18 00:00:00.000000000,"DFPBD",1.57,1.27,13,"George Washington",1
1,2015-06-04 00:00:00.000000000,"DJ7YG",4.72,4.53,1,"George Washington",1
1,2016-06-13 00:00:00.000000000,"DLFQW",8.47,7.45,4,"George Washington",1
1,2012-03-29 00:00:00.000000000,"DMJ70",8.31,7.98,50,"George Washington",1
0,2017-08-15 00:00:00.000000000,"DMJ70",3.88,3.88,47,"George Washington",1
0,2009-07-18 00:00:00.000000000,"DP4O9",9.65,9.99,3,"George Washington",1
1,2010-06-25 00:00:00.000000000,"DPAB1",1.61,1.48,15,"George Washington",1
1,2016-04-21 00:00:00.000000000,"DPR05",1.56,1.51,3,"George Washington",1
1,2014-03-21 00:00:00.000000000,"DPR05",1.71,1.53,11,"George Washington",1
1,2009-08-23 00:00:00.000000000,"DQBNR",4.34,4.32,32,"George Washington",1
0,2009-11-07 00:00:00.000000000,"DRZQK",1.75,1.85,1,"George Washington",1
1,2012-08-31 00:00:00.000000000,"DSYAU",2.75,2.23,1,"George Washington",1
0,2012-12-30 00:00:00.000000000,"DSYAU",2.75,2.88,1,"George Washington",1
1,2013-12-07 00:00:00.000000000,"DSYAU",9.32,8.92,10,"George Washington",1
1,2010-01-29 00:00:00.000000000,"DUV2Y",7.69,6.23,2,"George Washington",1
1,2013-01-04 00:00:00.000000000,"DUWYY",6.69,5.89,15,"George Washington",1
1,2016-10-06 00:00:00.000000000,"DW8TP",6.72,6.11,9,"George Washington",1
1,2010-01-31 00:00:00.000000000,"DX9PK",1.35,1.24,34,"George Washington",1
1,2015-10-14 00:00:00.000000000,"DX9PK",5.58,4.58,25,"George Washington",1
1,2012-11-28 00:00:00.000000000,"DX9PK",4.83,4.15,11,"George Washington",1
1,2010-10-02 00:00:00.000000000,"E3PAN",1.29,1.24,5,"George Washington",1
1,2010-09-04 00:00:00.000000000,"E3WCF",5.91,5.16,29,"George Washington",1
1,2009-05-08 00:00:00.000000000,"E3WCF",1.07,0.94,7,"George Washington",1
1,2013-11-05 00:00:00.000000000,"E3WCF",0.54,0.51,15,"George Washington",1
1,2012-04-17 00:00:00.000000000,"E3WCF",1.07,1.04,7,"George Washington",1
1,2011-03-03 00:00:00.000000000,"E3WCF",9.79,8.81,5,"George Washington",1
1,2014-04-30 00:00:00.000000000,"E3WCF",4.91,4.22,42,"George Washington",1
1,2009-02-13 00:00:00.000000000,"E3WCF",4.04,3.6,41,"George Washington",1
1,2009-05-12 00:00:00.000000000,"E52O9",0.16,0.15,23,"George Washington",1
1,2017-06-24 00:00:00.000000000,"E52O9",7.58,7.32,15,"George Washington",1
0,2019-04-21 00:00:00.000000000,"E52O9",2.99,3.18,5,"George Washington",1
1,2017-12-05 00:00:00.000000000,"E63V3",6.26,5.01,18,"George Washington",1
1,2016-06-20 00:00:00.000000000,"E63V3",6.26,5.7,18,"George Washington",1
1,2013-03-11 00:00:00.000000000,"E63V3",9.23,8.68,9,"George Washington",1
0,2011-11-20 00:00:00.000000000,"E63V3",8.8,9.19,8,"George Washington",1
1,2012-02-27 00:00:00.000000000,"E7DJL",0.07,0.06,7,"George Washington",1
1,2018-01-25 00:00:00.000000000,"E7POD",9.26,9.17,8,"George Washington",1
1,2015-02-13 00:00:00.000000000,"ECUP5",4.65,3.81,1,"George Washington",1
0,2014-09-10 00:00:00.000000000,"EGB8E",2.3,2.3,32,"George Washington",1
1,2016-02-10 00:00:00.000000000,"EGB8E",3.31,3.08,5,"George Washington",1
1,2012-06-05 00:00:00.000000000,"EHERP",6.33,6.2,7,"George Washington",1
1,2018-06-30 00:00:00.000000000,"EHQA2",1.55,1.53,13,"George Washington",1
0,2017-04-09 00:00:00.000000000,"EIFZN",4.12,4.36,10,"George Washington",1
1,2016-06-08 00:00:00.000000000,"EIFZN",4.69,3.94,3,"George Washington",1
1,2019-06-27 00:00:00.000000000,"EIFZN",2.82,2.4,2,"George Washington",1
1,2009-06-28 00:00:00.000000000,"EIX2K",6.33,5.76,13,"George Washington",1
1,2016-12-27 00:00:00.000000000,"EKU0B",6.45,6.25,28,"George Washington",1
1,2010-08-24 00:00:00.000000000,"EMJ1S",7.85,7.14,5,"George Washington",1
1,2014-03-26 00:00:00.000000000,"ENX9M",2.47,2.12,35,"George Washington",1
1,2015-03-11 00:00:00.000000000,"ERTYE",3.9,3.19,37,"George Washington",1
0,2015-01-14 00:00:00.000000000,"ERTYE",0.01,0.01,11,"George Washington",1
0,2015-11-26 00:00:00.000000000,"ERTYE",9.99,10.61,10,"George Washington",1
1,2015-03-17 00:00:00.000000000,"ERTYE",0.44,0.4,26,"George Washington",1
0,2016-02-21 00:00:00.000000000,"EWQRX",4.34,4.37,22,"George Washington",1
1,2010-11-29 00:00:00.000000000,"EWQRX",8.71,7.32,5,"George Washington",1
1,2016-03-03 00:00:00.000000000,"EWQRX",5.61,4.66,18,"George Washington",1
1,2014-09-23 00:00:00.000000000,"F0PNJ",2.26,2.02,8,"George Washington",1
1,2016-10-02 00:00:00.000000000,"F0PNJ",5.75,5.3,32,"George Washington",1
1,2009-03-20 00:00:00.000000000,"F2HBX",7.61,7.08,11,"George Washington",1
1,2015-12-02 00:00:00.000000000,"F3KBN",2.41,2.39,27,"George Washington",1
1,2017-05-22 00:00:00.000000000,"F3KBN",9.99,8.69,14,"George Washington",1
0,2011-11-02 00:00:00.000000000,"F64H7",5.76,5.76,2,"George Washington",1
0,2019-11-21 00:00:00.000000000,"F64H7",1.24,1.24,21,"George Washington",1
1,2019-08-10 00:00:00.000000000,"F79YP",1.43,1.36,27,"George Washington",1
1,2017-09-27 00:00:00.000000000,"F79YP",8.87,7.28,32,"George Washington",1
1,2009-03-16 00:00:00.000000000,"F7FQ5",8.51,7.06,22,"George Washington",1
1,2011-05-23 00:00:00.000000000,"F7FQ5",8.71,7.84,26,"George Washington",1
1,2014-09-29 00:00:00.000000000,"F90L2",7.4,5.99,22,"George Washington",1
1,2018-09-18 00:00:00.000000000,"F90L2",9.86,9.67,18,"George Washington",1
1,2011-06-12 00:00:00.000000000,"F90L2",9.6,8.06,15,"George Washington",1
0,2016-01-30 00:00:00.000000000,"FASUK",3.34,3.58,20,"George Washington",1
1,2018-11-28 00:00:00.000000000,"FASUK",9.63,7.99,5,"George Washington",1
1,2017-09-01 00:00:00.000000000,"FB3AG",0.7,0.64,37,"George Washington",1
0,2013-09-08 00:00:00.000000000,"FB3AG",6.78,7.07,38,"George Washington",1
1,2013-03-14 00:00:00.000000000,"FD2FL",5.44,4.62,16,"George Washington",1
0,2013-04-24 00:00:00.000000000,"FDDWJ",8.63,8.63,4,"George Washington",1
0,2013-12-08 00:00:00.000000000,"FF2YT",3.67,3.74,16,"George Washington",1
0,2016-08-27 00:00:00.000000000,"FJZC4",1.5,1.55,32,"George Washington",1
0,2011-01-08 00:00:00.000000000,"FJZC4",2.82,2.91,33,"George Washington",1
1,2013-10-31 00:00:00.000000000,"FJZC4",7.19,6.68,20,"George Washington",1
1,2017-12-25 00:00:00.000000000,"FJZC4",2.56,2.54,27,"George Washington",1
1,2010-01-22 00:00:00.000000000,"FR282",7.05,6.74,4,"George Washington",1
1,2019-02-19 00:00:00.000000000,"FR282",3.63,2.9,38,"George Washington",1
1,2011-12-19 00:00:00.000000000,"FS0P8",0.42,0.35,25,"George Washington",1
0,2014-02-04 00:00:00.000000000,"FS0P8",7.63,7.63,10,"George Washington",1
1,2009-10-18 00:00:00.000000000,"FUPBO",3.04,2.81,2,"George Washington",1
0,2017-02-25 00:00:00.000000000,"FVB1M",10,11.5,6,"George Washington",1
1,2012-07-28 00:00:00.000000000,"FVNKQ",3.3,2.69,7,"George Washington",1
1,2010-09-19 00:00:00.000000000,"FVNKQ",1.45,1.39,20,"George Washington",1
1,2018-11-23 00:00:00.000000000,"FVNKQ",5.07,4.16,22,"George Washington",1
1,2009-03-23 00:00:00.000000000,"FVNKQ",3.97,3.38,42,"George Washington",1
0,2012-08-04 00:00:00.000000000,"FVNKQ",9.5,10.53,19,"George Washington",1
1,2009-03-06 00:00:00.000000000,"FVNKQ",4.59,4.36,1,"George Washington",1
0,2013-05-11 00:00:00.000000000,"FWQ39",1.62,1.68,43,"George Washington",1
1,2017-10-05 00:00:00.000000000,"FWQ39",2.23,1.94,24,"George Washington",1
0,2010-12-06 00:00:00.000000000,"FWW7Y",6.95,6.95,13,"George Washington",1
1,2011-04-06 00:00:00.000000000,"FY50B",9.39,8.64,4,"George Washington",1
1,2014-06-12 00:00:00.000000000,"FZ402",4.89,4.6,8,"George Washington",1
1,2017-11-21 00:00:00.000000000,"FZ402",7.96,7.25,3,"George Washington",1
0,2018-11-22 00:00:00.000000000,"FZ402",5.98,6.05,27,"George Washington",1
1,2012-02-23 00:00:00.000000000,"FZFA9",7.63,6.41,25,"George Washington",1
0,2017-09-16 00:00:00.000000000,"FZFA9",4.52,4.79,3,"George Washington",1
1,2017-09-18 00:00:00.000000000,"FZFA9",6.4,6.21,5,"George Washington",1
1,2009-01-18 00:00:00.000000000,"FZFA9",1.15,1.11,19,"George Washington",1
1,2019-07-15 00:00:00.000000000,"FZFA9",8.8,7.75,4,"George Washington",1
1,2011-04-22 00:00:00.000000000,"FZM7U",9.2,8.46,1,"George Washington",1
1,2009-10-12 00:00:00.000000000,"FZM7U",3.73,3.65,6,"George Washington",1
1,2010-04-20 00:00:00.000000000,"FZV44",8.36,7.36,1,"George Washington",1
1,2015-09-24 00:00:00.000000000,"G1GTJ",9.01,8.02,1,"George Washington",1
0,2012-12-09 00:00:00.000000000,"G5W0N",5.96,6.3,26,"George Washington",1
1,2019-02-14 00:00:00.000000000,"GA7VI",0.33,0.31,6,"George Washington",1
1,2017-06-26 00:00:00.000000000,"GA7VI",2.63,2.37,7,"George Washington",1
1,2010-09-26 00:00:00.000000000,"GAE9M",6.6,6.52,27,"George Washington",1
1,2018-04-12 00:00:00.000000000,"GB05L",6.54,6.48,1,"George Washington",1
1,2013-01-04 00:00:00.000000000,"GG0AL",7.81,7.11,6,"George Washington",1
0,2014-04-05 00:00:00.000000000,"GG1RY",5.98,6.13,14,"George Washington",1
1,2009-06-04 00:00:00.000000000,"GHG1T",1.8,1.64,21,"George Washington",1
1,2015-12-29 00:00:00.000000000,"GHG1T",3.04,2.58,19,"George Washington",1
1,2013-05-30 00:00:00.000000000,"GHG1T",4.78,4.3,2,"George Washington",1
1,2012-05-02 00:00:00.000000000,"GHG1T",6.58,5.99,16,"George Washington",1
0,2019-05-25 00:00:00.000000000,"GID11",0.33,0.33,3,"George Washington",1
1,2017-09-04 00:00:00.000000000,"GJUAD",7.26,6.75,25,"George Washington",1
1,2012-06-29 00:00:00.000000000,"GJUAD",6.1,5,15,"George Washington",1
1,2017-09-10 00:00:00.000000000,"GJUAD",5.55,5.2,13,"George Washington",1
1,2010-04-18 00:00:00.000000000,"GJUAD",3.39,3.15,10,"George Washington",1
1,2009-08-29 00:00:00.000000000,"GL84R",4.53,4.32,23,"George Washington",1
1,2018-03-09 00:00:00.000000000,"GLSK6",8.62,8.27,28,"George Washington",1
0,2016-04-18 00:00:00.000000000,"GLSK6",3.07,3.07,19,"George Washington",1
1,2018-08-10 00:00:00.000000000,"GQA5Q",8.37,6.95,10,"George Washington",1
1,2015-09-14 00:00:00.000000000,"GQA5Q",4.91,4.03,8,"George Washington",1
1,2014-06-20 00:00:00.000000000,"GQA5Q",7.13,5.91,6,"George Washington",1
1,2014-01-23 00:00:00.000000000,"GR346",1.77,1.75,15,"George Washington",1
1,2014-08-26 00:00:00.000000000,"GR346",1.84,1.66,35,"George Washington",1
1,2019-11-14 00:00:00.000000000,"GR6UE",2.11,1.98,15,"George Washington",1
1,2018-03-21 00:00:00.000000000,"GT7VZ",7.56,6.81,15,"George Washington",1
1,2010-02-01 00:00:00.000000000,"GVBRC",9.79,8.13,26,"George Washington",1
1,2014-01-17 00:00:00.000000000,"GYQNP",7.12,5.98,7,"George Washington",1
1,2017-11-24 00:00:00.000000000,"GZOZ6",1.4,1.26,30,"George Washington",1
1,2012-09-22 00:00:00.000000000,"GZOZ6",8.7,8.43,3,"George Washington",1
0,2019-05-30 00:00:00.000000000,"H0HV3",3.79,3.79,6,"George Washington",1
1,2011-03-08 00:00:00.000000000,"H0HV3",6.97,6.14,29,"George Washington",1
1,2010-05-21 00:00:00.000000000,"H0HV3",0.41,0.34,13,"George Washington",1
1,2015-03-01 00:00:00.000000000,"H0PL2",4.4,3.77,46,"George Washington",1
1,2013-06-01 00:00:00.000000000,"H0PL2",4.4,4.25,46,"George Washington",1
1,2015-09-20 00:00:00.000000000,"H5VZS",5.87,5.4,40,"George Washington",1
1,2012-03-06 00:00:00.000000000,"H5VZS",5.28,4.54,2,"George Washington",1
1,2017-08-04 00:00:00.000000000,"H6ZVF",1.84,1.73,12,"George Washington",1
1,2011-08-19 00:00:00.000000000,"H87RV",2.85,2.48,12,"George Washington",1
1,2019-08-11 00:00:00.000000000,"H8LCU",2.64,2.56,21,"George Washington",1
1,2016-06-17 00:00:00.000000000,"H8SM0",3.88,3.22,7,"George Washington",1
0,2016-01-10 00:00:00.000000000,"H8SM0",6.95,7.15,35,"George Washington",1
1,2010-02-12 00:00:00.000000000,"H8WLV",0.16,0.15,40,"George Washington",1
1,2015-08-04 00:00:00.000000000,"H8WLV",8.2,6.89,39,"George Washington",1
1,2019-08-01 00:00:00.000000000,"H8WLV",6,5.46,14,"George Washington",1
1,2011-04-14 00:00:00.000000000,"H8WLV",6.21,6.02,3,"George Washington",1
1,2018-06-18 00:00:00.000000000,"HCTMU",6,5.94,5,"George Washington",1
1,2010-04-30 00:00:00.000000000,"HIR55",1.04,0.97,11,"George Washington",1
1,2018-10-04 00:00:00.000000000,"HIR55",5.88,4.88,38,"George Washington",1
1,2016-09-15 00:00:00.000000000,"HIR55",9.16,7.33,26,"George Washington",1
1,2014-07-25 00:00:00.000000000,"HIR55",1.45,1.16,17,"George Washington",1
1,2011-12-01 00:00:00.000000000,"HKLEU",0.56,0.5,7,"George Washington",1
1,2016-09-30 00:00:00.000000000,"HKLEU",2.99,2.52,11,"George Washington",1
1,2014-06-07 00:00:00.000000000,"HR6V3",8.34,8.08,15,"George Washington",1
1,2009-05-03 00:00:00.000000000,"HWISP",2.22,2.19,17,"George Washington",1
1,2019-11-18 00:00:00.000000000,"HWISP",9.1,8.56,8,"George Washington",1
1,2011-09-04 00:00:00.000000000,"HWISP",8.8,8.62,22,"George Washington",1
1,2011-10-03 00:00:00.000000000,"HWISP",9.98,9.09,23,"George Washington",1
1,2017-04-30 00:00:00.000000000,"HXE7H",0.97,0.93,16,"George Washington",1
1,2016-05-14 00:00:00.000000000,"HYDRJ",6.29,5.57,14,"George Washington",1
1,2014-01-16 00:00:00.000000000,"I1AQP",5.45,5.23,23,"George Washington",1
0,2019-03-14 00:00:00.000000000,"I1PEZ",9.21,9.21,9,"George Washington",1
1,2018-06-30 00:00:00.000000000,"I1PEZ",1.7,1.68,10,"George Washington",1
1,2016-10-27 00:00:00.000000000,"I30KB",0.7,0.57,6,"George Washington",1
1,2018-10-09 00:00:00.000000000,"I46EJ",4.47,3.89,18,"George Washington",1
1,2013-05-06 00:00:00.000000000,"I46EJ",6.03,5.36,28,"George Washington",1
1,2012-11-15 00:00:00.000000000,"I57O1",0.87,0.79,43,"George Washington",1
0,2014-12-03 00:00:00.000000000,"I57O1",3.22,3.35,39,"George Washington",1
1,2019-04-02 00:00:00.000000000,"I57O1",5.68,4.94,32,"George Washington",1
1,2017-03-28 00:00:00.000000000,"I57O1",1.37,1.2,30,"George Washington",1
1,2017-03-21 00:00:00.000000000,"I57O1",8.48,7.47,22,"George Washington",1
1,2012-10-27 00:00:00.000000000,"I9SAW",7.67,6.49,35,"George Washington",1
1,2015-05-13 00:00:00.000000000,"IFUHU",4.53,4.49,5,"George Washington",1
1,2019-10-20 00:00:00.000000000,"IL1H8",2.23,2.12,19,"George Washington",1
1,2012-03-18 00:00:00.000000000,"IONVH",8.18,7.93,5,"George Washington",1
0,2013-08-03 00:00:00.000000000,"IP6VW",9.85,9.97,10,"George Washington",1
1,2019-01-12 00:00:00.000000000,"IP6VW",6,5.8,8,"George Washington",1
1,2010-06-16 00:00:00.000000000,"IQNBU",1.21,1.12,3,"George Washington",1
1,2016-09-20 00:00:00.000000000,"ISNFA",3.73,2.98,18,"George Washington",1
1,2015-06-11 00:00:00.000000000,"IST2P",6.24,5.86,7,"George Washington",1
1,2017-04-17 00:00:00.000000000,"IUUQ4",5.83,5.65,27,"George Washington",1
1,2018-09-13 00:00:00.000000000,"IUUQ4",0.38,0.31,30,"George Washington",1
1,2010-02-25 00:00:00.000000000,"IUUQ4",2.76,2.56,8,"George Washington",1
1,2013-04-01 00:00:00.000000000,"IW3JP",8.53,8.27,6,"George Washington",1
1,2019-03-16 00:00:00.000000000,"IW3JP",4.7,4.3,27,"George Washington",1
1,2011-06-27 00:00:00.000000000,"IW3JP",3.72,3.28,5,"George Washington",1
1,2019-02-20 00:00:00.000000000,"IW3JP",0.85,0.82,2,"George Washington",1
1,2016-10-19 00:00:00.000000000,"IX3KV",7.64,7.48,9,"George Washington",1
1,2013-01-02 00:00:00.000000000,"IXYNB",3.03,2.58,1,"George Washington",1
0,2019-11-04 00:00:00.000000000,"IYY6V",4.83,4.83,6,"George Washington",1
1,2015-01-12 00:00:00.000000000,"J2RPB",2.63,2.52,13,"George Washington",1
1,2019-03-12 00:00:00.000000000,"J4MPJ",4.82,4.72,15,"George Washington",1
1,2018-02-20 00:00:00.000000000,"J83KR",1.15,0.96,7,"George Washington",1
1,2013-11-04 00:00:00.000000000,"J83KR",1.15,1.02,7,"George Washington",1
1,2019-08-20 00:00:00.000000000,"J8DD7",8.49,8.15,12,"George Washington",1
1,2009-07-02 00:00:00.000000000,"J9VDM",9.26,9.08,6,"George Washington",1
0,2010-07-25 00:00:00.000000000,"J9VDM",7.49,7.99,9,"George Washington",1
1,2014-07-09 00:00:00.000000000,"JCYBN",5.9,5.49,10,"George Washington",1
1,2014-04-04 00:00:00.000000000,"JJ9FT",8.56,8.22,15,"George Washington",1
0,2018-11-21 00:00:00.000000000,"JJLXQ",4.09,4.09,23,"George Washington",1
1,2012-01-27 00:00:00.000000000,"JJLXQ",9.8,8.62,36,"George Washington",1
1,2019-08-02 00:00:00.000000000,"JJLXQ",5.14,5.04,48,"George Washington",1
0,2009-02-21 00:00:00.000000000,"JO2C3",5.08,5.37,17,"George Washington",1
1,2017-09-25 00:00:00.000000000,"JO2C3",1.26,1.2,30,"George Washington",1
0,2019-04-08 00:00:00.000000000,"JSLMY",1.06,1.06,11,"George Washington",1
1,2017-03-04 00:00:00.000000000,"JU1W5",9.56,8.96,15,"George Washington",1
1,2012-02-07 00:00:00.000000000,"JU1W5",0.29,0.24,18,"George Washington",1
1,2016-08-28 00:00:00.000000000,"JVRR6",1.2,0.97,32,"George Washington",1
1,2011-11-11 00:00:00.000000000,"JVRR6",8.82,7.43,30,"George Washington",1
0,2016-09-24 00:00:00.000000000,"JWMSS",2.18,2.4,11,"George Washington",1
1,2009-01-17 00:00:00.000000000,"JWMSS",1.65,1.45,5,"George Washington",1
1,2018-07-28 00:00:00.000000000,"JYR24",1.73,1.38,32,"George Washington",1
1,2011-01-03 00:00:00.000000000,"JYR24",2.36,2.05,31,"George Washington",1
1,2017-11-20 00:00:00.000000000,"JZDXU",5.31,5.2,22,"George Washington",1
0,2009-02-16 00:00:00.000000000,"JZJII",2.11,2.21,9,"George Washington",1
1,2014-11-14 00:00:00.000000000,"K8EHH",1.32,1.29,12,"George Washington",1
1,2011-02-26 00:00:00.000000000,"K8EHH",3.8,3.64,20,"George Washington",1
1,2017-09-23 00:00:00.000000000,"K8GSO",6.8,6.67,27,"George Washington",1
1,2018-07-24 00:00:00.000000000,"K9LA0",6.42,5.78,34,"George Washington",1
1,2018-05-01 00:00:00.000000000,"K9LA0",7.91,7.28,10,"George Washington",1
0,2012-03-18 00:00:00.000000000,"KD9VU",8.68,8.76,28,"George Washington",1
1,2013-02-03 00:00:00.000000000,"KD9VU",7.22,7.13,8,"George Washington",1
1,2016-08-09 00:00:00.000000000,"KD9VU",9.49,7.69,24,"George Washington",1
1,2019-02-21 00:00:00.000000000,"KD9VU",0.16,0.13,23,"George Washington",1
0,2017-04-08 00:00:00.000000000,"KD9VU",0.33,0.34,14,"George Washington",1
1,2017-04-22 00:00:00.000000000,"KDISO",8.6,7.71,3,"George Washington",1
1,2010-05-17 00:00:00.000000000,"KGVRC",1.96,1.76,43,"George Washington",1
1,2011-05-27 00:00:00.000000000,"KHSZJ",3.13,2.6,30,"George Washington",1
1,2011-06-20 00:00:00.000000000,"KIVTJ",0.99,0.86,10,"George Washington",1
1,2010-04-27 00:00:00.000000000,"KK3R7",0.9,0.77,11,"George Washington",1
0,2009-07-26 00:00:00.000000000,"KK3R7",8.1,9.07,4,"George Washington",1
1,2010-04-22 00:00:00.000000000,"KK3R7",5.87,4.99,3,"George Washington",1
1,2013-07-31 00:00:00.000000000,"KRX6I",5.28,4.28,12,"George Washington",1
1,2018-02-07 00:00:00.000000000,"KRX6I",5.28,4.91,12,"George Washington",1
1,2015-08-10 00:00:00.000000000,"KS95Q",4.82,4.2,7,"George Washington",1
1,2014-01-10 00:00:00.000000000,"KS95Q",8.25,7.42,4,"George Washington",1
1,2018-08-07 00:00:00.000000000,"KV45X",2.33,2,33,"George Washington",1
1,2018-07-25 00:00:00.000000000,"KV45X",9.71,8.94,15,"George Washington",1
1,2013-07-19 00:00:00.000000000,"KWDJZ",9.79,9.59,20,"George Washington",1
1,2018-12-05 00:00:00.000000000,"KWDJZ",5.04,4.18,4,"George Washington",1
1,2014-12-26 00:00:00.000000000,"KWENZ",7.29,6.93,4,"George Washington",1
1,2009-09-01 00:00:00.000000000,"KWULP",5.15,4.84,17,"George Washington",1
1,2011-04-08 00:00:00.000000000,"KWULP",3.9,3.59,39,"George Washington",1
1,2019-07-06 00:00:00.000000000,"KZ77R",4.58,3.89,14,"George Washington",1
1,2013-11-08 00:00:00.000000000,"KZOT8",8.53,7.51,18,"George Washington",1
1,2010-02-03 00:00:00.000000000,"KZOT8",6.44,5.41,17,"George Washington",1
1,2019-11-11 00:00:00.000000000,"L3CHN",4.82,4.54,1,"George Washington",1
1,2018-02-10 00:00:00.000000000,"L8MTA",2.74,2.56,8,"George Washington",1
1,2013-01-29 00:00:00.000000000,"L8MTA",1.82,1.51,13,"George Washington",1
1,2009-12-11 00:00:00.000000000,"L8OBL",8.17,7.5,15,"George Washington",1
1,2018-04-16 00:00:00.000000000,"L9X5Q",1.08,0.87,4,"George Washington",1
1,2016-04-27 00:00:00.000000000,"LC2AI",6.92,5.54,20,"George Washington",1
1,2010-12-15 00:00:00.000000000,"LG6Y2",5.2,4.42,24,"George Washington",1
1,2014-03-17 00:00:00.000000000,"LJ26I",0.58,0.57,5,"George Washington",1
1,2017-09-21 00:00:00.000000000,"LKDTY",3.4,3,17,"George Washington",1
1,2013-08-10 00:00:00.000000000,"LKDTY",6.6,6.29,24,"George Washington",1
1,2014-01-22 00:00:00.000000000,"LP9DJ",9.93,9.23,26,"George Washington",1
0,2010-08-01 00:00:00.000000000,"LPEG0",1.08,1.17,14,"George Washington",1
1,2018-12-07 00:00:00.000000000,"LPLTZ",2.02,1.64,2,"George Washington",1
1,2017-12-04 00:00:00.000000000,"LPLTZ",3.26,3.2,41,"George Washington",1
1,2017-11-09 00:00:00.000000000,"LPVXQ",4.43,4.3,32,"George Washington",1
1,2017-06-21 00:00:00.000000000,"LPVXQ",8.96,7.7,29,"George Washington",1
0,2015-05-11 00:00:00.000000000,"LPVXQ",8.85,8.85,28,"George Washington",1
1,2016-08-21 00:00:00.000000000,"LQ555",2.58,2.33,12,"George Washington",1
1,2017-02-20 00:00:00.000000000,"LVV82",0.37,0.35,11,"George Washington",1
1,2014-03-10 00:00:00.000000000,"LYZYR",5.04,4.33,9,"George Washington",1
0,2017-01-10 00:00:00.000000000,"M15RG",4.25,4.54,15,"George Washington",1
1,2013-02-28 00:00:00.000000000,"M3SY1",9.66,8.79,16,"George Washington",1
0,2009-09-26 00:00:00.000000000,"M3SY1",3.59,3.78,27,"George Washington",1
0,2012-08-10 00:00:00.000000000,"M3SY1",4.03,4.03,12,"George Washington",1
1,2017-05-18 00:00:00.000000000,"M3SY1",9.01,7.66,4,"George Washington",1
0,2014-01-12 00:00:00.000000000,"M4TM4",8.07,8.48,26,"George Washington",1
1,2013-01-29 00:00:00.000000000,"M4TM4",3.02,2.56,8,"George Washington",1
0,2017-02-07 00:00:00.000000000,"M6J9W",8.43,8.43,13,"George Washington",1
1,2019-03-17 00:00:00.000000000,"M6J9W",3.32,2.78,15,"George Washington",1
1,2016-12-19 00:00:00.000000000,"M780D",2.2,2.05,9,"George Washington",1
1,2009-04-30 00:00:00.000000000,"M8SIH",8.09,6.8,18,"George Washington",1
1,2016-07-30 00:00:00.000000000,"M93I3",6.59,6.12,14,"George Washington",1
1,2019-02-28 00:00:00.000000000,"MCN9Z",5.56,5,38,"George Washington",1
1,2015-05-15 00:00:00.000000000,"MEI2J",8.84,8.14,2,"George Washington",1
1,2010-10-15 00:00:00.000000000,"MEWW0",9.38,8.35,23,"George Washington",1
1,2012-01-13 00:00:00.000000000,"MKREJ",5.62,4.49,7,"George Washington",1
0,2010-06-11 00:00:00.000000000,"MKREJ",7.69,7.69,46,"George Washington",1
1,2011-11-13 00:00:00.000000000,"MKV69",1.59,1.32,15,"George Washington",1
1,2010-07-25 00:00:00.000000000,"ML051",3.57,3.42,8,"George Washington",1
1,2010-09-02 00:00:00.000000000,"MM3E0",4.17,3.55,11,"George Washington",1
1,2019-02-20 00:00:00.000000000,"MM77N",8.36,7.69,23,"George Washington",1
1,2009-07-27 00:00:00.000000000,"MM77N",2.78,2.44,14,"George Washington",1
0,2014-03-07 00:00:00.000000000,"MM77N",6.37,6.37,12,"George Washington",1
1,2018-12-30 00:00:00.000000000,"MNLPC",6.55,6.35,36,"George Washington",1
1,2018-08-14 00:00:00.000000000,"MNLPC",7.8,7.72,20,"George Washington",1
1,2017-09-02 00:00:00.000000000,"MNLPC",6.16,6.06,26,"George Washington",1
0,2017-01-16 00:00:00.000000000,"MO69C",6.18,6.98,2,"George Washington",1
1,2010-07-04 00:00:00.000000000,"MQ111",0.25,0.23,4,"George Washington",1
1,2016-01-14 00:00:00.000000000,"MQ111",5.56,4.56,11,"George Washington",1
1,2009-06-30 00:00:00.000000000,"MQ111",7.45,6.4,26,"George Washington",1
1,2010-10-14 00:00:00.000000000,"MQ111",6.68,5.61,20,"George Washington",1
1,2011-10-13 00:00:00.000000000,"MQPSJ",5.39,4.36,28,"George Washington",1
1,2010-09-29 00:00:00.000000000,"MQPSJ",8.98,7.27,24,"George Washington",1
1,2015-04-07 00:00:00.000000000,"MQR37",7.63,7.4,4,"George Washington",1
1,2017-08-04 00:00:00.000000000,"MQR37",3.47,3.12,7,"George Washington",1
1,2017-05-10 00:00:00.000000000,"MQR37",3.63,2.97,36,"George Washington",1
1,2013-07-05 00:00:00.000000000,"MRE4J",6.94,6.53,7,"George Washington",1
1,2018-02-19 00:00:00.000000000,"MWOXV",2.24,2.09,18,"George Washington",1
1,2019-09-18 00:00:00.000000000,"MWOXV",2.01,1.89,7,"George Washington",1
1,2018-03-20 00:00:00.000000000,"MX6BF",9.01,7.66,43,"George Washington",1
1,2018-03-19 00:00:00.000000000,"MX6BF",3.5,3.11,42,"George Washington",1
1,2016-07-22 00:00:00.000000000,"MY4PF",8.59,7.73,9,"George Washington",1
1,2016-04-07 00:00:00.000000000,"MY4PF",6.44,6.38,21,"George Washington",1
1,2016-08-01 00:00:00.000000000,"MY4PF",6.65,5.72,30,"George Washington",1
1,2018-03-12 00:00:00.000000000,"MY4PF",6.76,6.15,22,"George Washington",1
1,2010-10-08 00:00:00.000000000,"MY4PF",3.73,3.61,32,"George Washington",1
0,2018-03-20 00:00:00.000000000,"MYO3P",6.59,6.59,36,"George Washington",1
1,2014-02-12 00:00:00.000000000,"MYO8D",7.89,6.31,7,"George Washington",1
0,2019-02-02 00:00:00.000000000,"MYO8D",9.14,9.66,26,"George Washington",1
1,2013-09-13 00:00:00.000000000,"MZGP5",9.18,7.71,19,"George Washington",1
1,2010-03-28 00:00:00.000000000,"MZL43",8.69,7.48,8,"George Washington",1
1,2009-01-19 00:00:00.000000000,"MZL43",0.03,0.02,9,"George Washington",1
1,2019-11-21 00:00:00.000000000,"N0KQJ",9.34,7.47,2,"George Washington",1
1,2014-04-30 00:00:00.000000000,"N0O1G",2.62,2.26,27,"George Washington",1
0,2014-06-22 00:00:00.000000000,"N0O1G",0.04,0.04,12,"George Washington",1
1,2014-09-18 00:00:00.000000000,"N0RAF",1.22,1.12,29,"George Washington",1
1,2013-12-26 00:00:00.000000000,"N0RAF",6.01,5.65,26,"George Washington",1
1,2018-08-05 00:00:00.000000000,"N0RAF",6.17,6.15,4,"George Washington",1
1,2009-01-27 00:00:00.000000000,"NABDK",0.3,0.29,15,"George Washington",1
0,2010-05-16 00:00:00.000000000,"NDCX9",7.33,7.68,1,"George Washington",1
0,2013-01-16 00:00:00.000000000,"NDCX9",4.48,4.48,7,"George Washington",1
1,2017-09-26 00:00:00.000000000,"NDJ65",7.04,6.82,11,"George Washington",1
1,2014-07-25 00:00:00.000000000,"NEYQ4",2.25,2.04,12,"George Washington",1
1,2010-05-13 00:00:00.000000000,"NEYQ4",5.12,4.76,20,"George Washington",1
1,2015-12-04 00:00:00.000000000,"NFEKU",6.73,6.13,42,"George Washington",1
1,2017-10-31 00:00:00.000000000,"NFEKU",8.16,7.5,1,"George Washington",1
1,2019-04-14 00:00:00.000000000,"NHQAO",9.24,8.07,14,"George Washington",1
1,2019-06-10 00:00:00.000000000,"NHQAO",7.99,6.63,21,"George Washington",1
1,2015-03-25 00:00:00.000000000,"NIXNF",8.07,6.54,27,"George Washington",1
1,2019-04-30 00:00:00.000000000,"NIXNF",6.8,6.39,20,"George Washington",1
1,2015-08-22 00:00:00.000000000,"NIXNF",8.07,7.17,27,"George Washington",1
0,2010-04-25 00:00:00.000000000,"NIXNF",7.19,8.2,29,"George Washington",1
1,2015-08-08 00:00:00.000000000,"NIXNF",0.73,0.61,31,"George Washington",1
1,2019-01-02 00:00:00.000000000,"NJRVO",7.02,5.9,7,"George Washington",1
1,2013-09-11 00:00:00.000000000,"NJRVO",6.15,5.41,9,"George Washington",1
0,2012-01-16 00:00:00.000000000,"NN1XJ",9.11,9.11,13,"George Washington",1
1,2011-04-22 00:00:00.000000000,"NOKHJ",0.39,0.35,8,"George Washington",1
1,2009-02-03 00:00:00.000000000,"NPV8G",6.47,5.24,19,"George Washington",1
1,2010-02-18 00:00:00.000000000,"NSGRM",6.02,5.96,12,"George Washington",1
1,2009-10-14 00:00:00.000000000,"NSGRM",9.3,8.09,17,"George Washington",1
1,2010-07-19 00:00:00.000000000,"NXTVK",5.68,5.11,6,"George Washington",1
0,2018-10-21 00:00:00.000000000,"NXWMB",0.06,0.06,33,"George Washington",1
0,2011-10-30 00:00:00.000000000,"NZQS5",3.22,3.48,1,"George Washington",1
1,2009-06-04 00:00:00.000000000,"NZQS5",3.72,3.05,2,"George Washington",1
1,2011-03-29 00:00:00.000000000,"NZR88",5.93,5.45,27,"George Washington",1
0,2019-08-17 00:00:00.000000000,"NZY1K",2.79,2.94,46,"George Washington",1
1,2010-09-30 00:00:00.000000000,"NZY1K",6.63,5.77,44,"George Washington",1
1,2013-09-17 00:00:00.000000000,"NZY1K",8.4,6.89,22,"George Washington",1
1,2019-07-21 00:00:00.000000000,"NZY1K",9.63,7.88,17,"George Washington",1
1,2017-03-21 00:00:00.000000000,"O063M",3.81,3.51,5,"George Washington",1
1,2018-01-24 00:00:00.000000000,"O1OPL",1.71,1.46,3,"George Washington",1
1,2012-02-14 00:00:00.000000000,"O1RNE",4.97,4.28,19,"George Washington",1
1,2012-12-17 00:00:00.000000000,"O1X0L",7.84,7.06,16,"George Washington",1
1,2019-06-06 00:00:00.000000000,"O1X0L",0.72,0.64,24,"George Washington",1
0,2013-08-17 00:00:00.000000000,"O1X0L",5.38,5.42,21,"George Washington",1
1,2010-09-30 00:00:00.000000000,"O3VWQ",6.72,5.91,29,"George Washington",1
0,2017-12-30 00:00:00.000000000,"O3VWQ",8.53,8.71,45,"George Washington",1
1,2019-12-18 00:00:00.000000000,"O3VWQ",8.53,7.85,45,"George Washington",1
1,2010-03-03 00:00:00.000000000,"O8BRA",4.73,3.78,13,"George Washington",1
1,2015-05-11 00:00:00.000000000,"O8BRA",8.12,7.15,5,"George Washington",1
1,2018-01-21 00:00:00.000000000,"O9RUX",4.78,4.74,22,"George Washington",1
1,2016-05-27 00:00:00.000000000,"OA457",9.51,8.47,6,"George Washington",1
1,2018-01-05 00:00:00.000000000,"OA457",1.36,1.31,29,"George Washington",1
1,2018-05-18 00:00:00.000000000,"OA457",3.75,3.52,25,"George Washington",1
1,2013-04-22 00:00:00.000000000,"OB983",7.32,6.66,26,"George Washington",1
1,2015-03-24 00:00:00.000000000,"OCMIA",5,4,47,"George Washington",1
0,2011-06-11 00:00:00.000000000,"OCMIA",4.34,4.51,40,"George Washington",1
0,2014-08-02 00:00:00.000000000,"OCMIA",4.34,4.57,40,"George Washington",1
1,2017-07-30 00:00:00.000000000,"OCMIA",1.03,0.97,4,"George Washington",1
1,2013-03-20 00:00:00.000000000,"ODYUV",6.28,5.65,10,"George Washington",1
0,2011-07-24 00:00:00.000000000,"OGGHJ",1.3,1.38,38,"George Washington",1
1,2018-07-23 00:00:00.000000000,"OGKA9",2.91,2.88,13,"George Washington",1
1,2011-07-16 00:00:00.000000000,"OJS5N",7.46,6.47,12,"George Washington",1
1,2015-10-13 00:00:00.000000000,"OP9H1",8.63,8.18,30,"George Washington",1
1,2010-09-19 00:00:00.000000000,"OP9H1",7.51,7.34,20,"George Washington",1
1,2019-09-19 00:00:00.000000000,"OPGDI",8.67,7.19,13,"George Washington",1
1,2016-02-12 00:00:00.000000000,"OPGDI",6.73,6.19,37,"George Washington",1
0,2014-08-18 00:00:00.000000000,"OPGDI",7.74,7.74,1,"George Washington",1
1,2011-04-09 00:00:00.000000000,"OPGDI",7.74,7.01,1,"George Washington",1
1,2012-05-14 00:00:00.000000000,"OQ8X3",6.52,5.41,48,"George Washington",1
0,2012-12-30 00:00:00.000000000,"OQ8X3",5.73,6.12,4,"George Washington",1
1,2014-08-26 00:00:00.000000000,"OQ8X3",4.11,3.66,27,"George Washington",1
1,2009-05-06 00:00:00.000000000,"OQCLK",9.03,8.58,14,"George Washington",1
1,2016-12-24 00:00:00.000000000,"OQCLK",5.34,4.9,9,"George Washington",1
1,2019-03-13 00:00:00.000000000,"ORR0O",6.88,6.05,19,"George Washington",1
1,2015-08-14 00:00:00.000000000,"ORR0O",9.6,9.03,27,"George Washington",1
1,2009-01-16 00:00:00.000000000,"ORR0O",0.19,0.18,10,"George Washington",1
1,2010-07-15 00:00:00.000000000,"ORR0O",9.83,9.63,9,"George Washington",1
1,2014-04-16 00:00:00.000000000,"OT000",2.24,2.1,15,"George Washington",1
0,2014-10-06 00:00:00.000000000,"OT000",4.6,4.6,38,"George Washington",1
1,2018-06-05 00:00:00.000000000,"OT000",3.87,3.41,30,"George Washington",1
1,2018-03-23 00:00:00.000000000,"OTA6Z",8.55,7.18,6,"George Washington",1
1,2014-12-22 00:00:00.000000000,"OUC6J",7.89,6.47,4,"George Washington",1
1,2018-10-29 00:00:00.000000000,"OUWHY",7.83,6.65,18,"George Washington",1
1,2010-07-10 00:00:00.000000000,"OVBQ9",6.48,5.51,2,"George Washington",1
1,2010-09-13 00:00:00.000000000,"OXMKW",5.02,4.77,16,"George Washington",1
1,2018-01-03 00:00:00.000000000,"OZCGF",6.1,5.86,14,"George Washington",1
1,2019-02-04 00:00:00.000000000,"P0T3U",3.14,2.82,30,"George Washington",1
1,2017-03-30 00:00:00.000000000,"P9S1S",5.91,5.08,4,"George Washington",1
1,2017-08-06 00:00:00.000000000,"PDAWU",1.25,1.15,33,"George Washington",1
1,2019-09-17 00:00:00.000000000,"PEP5N",4.58,3.98,15,"George Washington",1
1,2016-12-30 00:00:00.000000000,"PM13G",8.79,7.29,5,"George Washington",1
0,2015-03-01 00:00:00.000000000,"PO1N6",6.55,6.68,18,"George Washington",1
1,2019-06-14 00:00:00.000000000,"PO1N6",1.83,1.81,13,"George Washington",1
1,2015-02-26 00:00:00.000000000,"PO1N6",2.39,1.98,9,"George Washington",1
1,2011-04-29 00:00:00.000000000,"PQ7MM",8.64,8.39,2,"George Washington",1
1,2014-03-30 00:00:00.000000000,"PQLH6",2.49,2.47,33,"George Washington",1
1,2012-02-03 00:00:00.000000000,"PQLH6",4.68,3.88,17,"George Washington",1
1,2012-08-20 00:00:00.000000000,"PQUFN",4.45,4.41,6,"George Washington",1
1,2018-01-14 00:00:00.000000000,"PQUFN",0.78,0.77,2,"George Washington",1
1,2018-10-08 00:00:00.000000000,"PQUFN",1.28,1.24,15,"George Washington",1
1,2012-07-12 00:00:00.000000000,"PTA6G",1.55,1.44,4,"George Washington",1
1,2010-10-01 00:00:00.000000000,"PV9XZ",2.71,2.16,11,"George Washington",1
0,2009-03-15 00:00:00.000000000,"PWG2Z",2.03,2.09,28,"George Washington",1
0,2011-04-06 00:00:00.000000000,"PXIDF",0.57,0.57,17,"George Washington",1
1,2015-12-01 00:00:00.000000000,"PXIDF",3.8,3.69,21,"George Washington",1
0,2019-10-14 00:00:00.000000000,"Q1NXK",6.91,7.2,25,"George Washington",1
1,2018-04-22 00:00:00.000000000,"Q1NXK",4.05,3.78,19,"George Washington",1
1,2016-03-28 00:00:00.000000000,"Q4CYW",9.88,9.59,6,"George Washington",1
1,2012-05-14 00:00:00.000000000,"Q4CYW",2.92,2.37,11,"George Washington",1
1,2010-04-07 00:00:00.000000000,"Q4CYW",4.73,4.44,12,"George Washington",1
1,2011-06-26 00:00:00.000000000,"Q8411",7.9,6.68,12,"George Washington",1
1,2011-11-01 00:00:00.000000000,"Q8A50",7.04,5.77,26,"George Washington",1
1,2012-05-18 00:00:00.000000000,"Q8TDT",0.27,0.21,15,"George Washington",1
1,2017-08-20 00:00:00.000000000,"Q8TDT",5.38,4.92,3,"George Washington",1
1,2015-12-22 00:00:00.000000000,"Q8TDT",3.84,3.76,10,"George Washington",1
1,2018-09-25 00:00:00.000000000,"QBGOD",1.22,1.04,8,"George Washington",1
1,2009-11-10 00:00:00.000000000,"QD4DC",2.35,1.98,10,"George Washington",1
1,2012-11-24 00:00:00.000000000,"QD4DC",4.05,3.83,14,"George Washington",1
1,2013-05-08 00:00:00.000000000,"QGK3S",3.6,3.35,12,"George Washington",1
1,2017-02-09 00:00:00.000000000,"QK6WR",7.57,6.44,7,"George Washington",1
1,2011-02-19 00:00:00.000000000,"QK6WR",4.11,4.03,43,"George Washington",1
1,2011-01-04 00:00:00.000000000,"QKVBK",2.56,2.48,23,"George Washington",1
0,2014-03-22 00:00:00.000000000,"QKVBK",8.16,8.93,15,"George Washington",1
1,2018-06-22 00:00:00.000000000,"QKVBK",2.17,2.06,11,"George Washington",1
0,2019-01-21 00:00:00.000000000,"QM3C8",3.69,3.91,14,"George Washington",1
1,2011-02-06 00:00:00.000000000,"QM3C8",2.37,2.17,6,"George Washington",1
1,2014-04-14 00:00:00.000000000,"QMJ6J",1.13,1.12,4,"George Washington",1
1,2009-03-25 00:00:00.000000000,"QMJ6J",2.05,1.68,5,"George Washington",1
0,2013-08-04 00:00:00.000000000,"QWSWG",1.25,1.35,8,"George Washington",1
1,2015-12-10 00:00:00.000000000,"QWYU9",1.81,1.73,1,"George Washington",1
1,2016-09-07 00:00:00.000000000,"QWYU9",9.29,7.81,16,"George Washington",1
1,2017-12-21 00:00:00.000000000,"R12GW",7.89,6.63,14,"George Washington",1
1,2010-05-07 00:00:00.000000000,"R12GW",4.56,3.65,33,"George Washington",1
1,2014-11-04 00:00:00.000000000,"R12GW",3.35,3.05,37,"George Washington",1
1,2009-02-07 00:00:00.000000000,"R17GT",7.57,6.64,21,"George Washington",1
1,2018-12-21 00:00:00.000000000,"R17GT",0.28,0.22,15,"George Washington",1
1,2017-05-02 00:00:00.000000000,"R8LFB",2.04,2,29,"George Washington",1
0,2015-01-22 00:00:00.000000000,"R8LFB",7.79,7.79,11,"George Washington",1
1,2012-05-19 00:00:00.000000000,"RBNO8",9.74,8.86,14,"George Washington",1
1,2019-05-16 00:00:00.000000000,"RBNO8",0.9,0.87,5,"George Washington",1
1,2011-09-18 00:00:00.000000000,"RBNO8",8.66,7.42,8,"George Washington",1
1,2014-06-09 00:00:00.000000000,"RH5J5",7.97,6.77,24,"George Washington",1
1,2018-06-25 00:00:00.000000000,"RH5J5",4.78,3.97,21,"George Washington",1
0,2018-07-07 00:00:00.000000000,"RI2GD",7.65,7.89,6,"George Washington",1
1,2018-05-03 00:00:00.000000000,"RIDZ4",5.98,5.32,13,"George Washington",1
1,2015-08-11 00:00:00.000000000,"RIDZ4",0.42,0.4,26,"George Washington",1
0,2014-11-21 00:00:00.000000000,"RIDZ4",0.04,0.04,18,"George Washington",1
1,2010-12-21 00:00:00.000000000,"RKP8J",3.92,3.45,16,"George Washington",1
1,2009-09-04 00:00:00.000000000,"RKP8J",4.17,3.79,31,"George Washington",1
0,2010-06-16 00:00:00.000000000,"RMOC0",0.83,0.83,42,"George Washington",1
1,2019-04-13 00:00:00.000000000,"RNDL2",0.91,0.82,18,"George Washington",1
1,2016-08-28 00:00:00.000000000,"RT6BT",8.15,7.22,19,"George Washington",1
1,2016-08-26 00:00:00.000000000,"RT6BT",4.56,4.33,12,"George Washington",1
1,2011-06-09 00:00:00.000000000,"RTYJZ",2.08,1.89,29,"George Washington",1
1,2019-04-29 00:00:00.000000000,"RTYJZ",6.57,6.05,8,"George Washington",1
1,2018-08-18 00:00:00.000000000,"RUNZF",4.49,4.39,7,"George Washington",1
1,2018-03-27 00:00:00.000000000,"RVG1H",10,8.2,17,"George Washington",1
1,2019-09-03 00:00:00.000000000,"RVG1H",6.9,6.49,12,"George Washington",1
1,2016-03-30 00:00:00.000000000,"RVG1H",2.62,2.2,27,"George Washington",1
1,2017-09-12 00:00:00.000000000,"RVRKP",8.56,7.88,17,"George Washington",1
0,2014-05-13 00:00:00.000000000,"RWLKX",3.22,3.51,11,"George Washington",1
1,2018-05-17 00:00:00.000000000,"RWLKX",3.1,2.88,22,"George Washington",1
0,2012-02-06 00:00:00.000000000,"RWLKX",9.99,10.78,34,"George Washington",1
0,2009-01-18 00:00:00.000000000,"RWLKX",3.99,4.66,10,"George Washington",1
1,2017-01-16 00:00:00.000000000,"S1CPK",7.57,6.66,18,"George Washington",1
1,2018-05-17 00:00:00.000000000,"S1CW9",4.85,4.17,17,"George Washington",1
1,2015-11-03 00:00:00.000000000,"S4W7B",2.19,2.08,3,"George Washington",1
1,2014-03-14 00:00:00.000000000,"S7DDX",8.9,8.72,11,"George Washington",1
1,2014-10-20 00:00:00.000000000,"S7DDX",2.94,2.76,21,"George Washington",1
1,2009-08-12 00:00:00.000000000,"S7DDX",8.9,7.21,11,"George Washington",1
1,2009-04-20 00:00:00.000000000,"S7QET",2.7,2.16,9,"George Washington",1
1,2012-06-10 00:00:00.000000000,"SBD8R",5.97,4.94,14,"George Washington",1
1,2011-05-19 00:00:00.000000000,"SBD8R",3.03,2.58,13,"George Washington",1
0,2010-01-08 00:00:00.000000000,"SBD8R",3.6,3.6,18,"George Washington",1
1,2019-05-20 00:00:00.000000000,"SBD8R",5.04,4.79,3,"George Washington",1
1,2012-01-23 00:00:00.000000000,"SIZ9T",5.64,5.42,8,"George Washington",1
1,2014-04-23 00:00:00.000000000,"SIZ9T",7.77,6.61,3,"George Washington",1
1,2016-06-10 00:00:00.000000000,"SJ0ZD",9.95,9.06,4,"George Washington",1
1,2013-05-24 00:00:00.000000000,"SJ1N5",1.73,1.45,29,"George Washington",1
1,2010-02-09 00:00:00.000000000,"SJ1N5",2.96,2.78,15,"George Washington",1
1,2018-10-04 00:00:00.000000000,"SJ1N5",8.77,7.86,12,"George Washington",1
0,2019-08-04 00:00:00.000000000,"SJ1N5",2.46,2.52,11,"George Washington",1
1,2015-02-04 00:00:00.000000000,"SL4AY",2.75,2.25,1,"George Washington",1
1,2010-01-21 00:00:00.000000000,"SL4AY",2.68,2.28,34,"George Washington",1
1,2017-01-16 00:00:00.000000000,"SN3ZJ",3.97,3.66,5,"George Washington",1
0,2017-03-11 00:00:00.000000000,"SN3ZJ",9.13,9.8,10,"George Washington",1
1,2011-08-16 00:00:00.000000000,"SP2O7",1.39,1.2,25,"George Washington",1
1,2015-05-08 00:00:00.000000000,"SP2O7",0.91,0.74,17,"George Washington",1
1,2011-08-05 00:00:00.000000000,"SP2O7",0.09,0.08,13,"George Washington",1
1,2015-05-04 00:00:00.000000000,"SP2O7",5.31,5.15,7,"George Washington",1
1,2015-08-30 00:00:00.000000000,"SRZBJ",5.79,5.52,12,"George Washington",1
1,2012-04-25 00:00:00.000000000,"SRZBJ",6.28,5.53,7,"George Washington",1
0,2018-11-17 00:00:00.000000000,"SW800",4.39,4.59,11,"George Washington",1
1,2011-08-31 00:00:00.000000000,"SWPY7",1.94,1.63,9,"George Washington",1
0,2015-09-05 00:00:00.000000000,"T4MAL",4.62,4.64,1,"George Washington",1
1,2016-08-16 00:00:00.000000000,"T4MAL",0.8,0.68,38,"George Washington",1
1,2009-06-08 00:00:00.000000000,"T4MAL",4.62,4.34,1,"George Washington",1
1,2009-06-11 00:00:00.000000000,"T4MAL",6.77,5.96,11,"George Washington",1
1,2018-03-17 00:00:00.000000000,"T4MAL",6.66,6.6,18,"George Washington",1
1,2015-09-08 00:00:00.000000000,"T4MAL",0.15,0.13,25,"George Washington",1
1,2011-10-24 00:00:00.000000000,"T4T9J",6.9,6.83,13,"George Washington",1
0,2010-06-19 00:00:00.000000000,"T4T9J",0.46,0.52,41,"George Washington",1
0,2015-12-25 00:00:00.000000000,"T6WLQ",2.01,2.23,7,"George Washington",1
1,2016-11-03 00:00:00.000000000,"T940Z",7.87,7.01,11,"George Washington",1
1,2009-01-06 00:00:00.000000000,"T940Z",9.27,9.09,12,"George Washington",1
1,2019-08-23 00:00:00.000000000,"TA0AW",6.2,5.33,23,"George Washington",1
1,2019-09-13 00:00:00.000000000,"TA0AW",8.14,8.06,3,"George Washington",1
1,2018-05-15 00:00:00.000000000,"TA0AW",0.96,0.9,15,"George Washington",1
1,2016-05-26 00:00:00.000000000,"TA8I5",7.4,7.18,27,"George Washington",1
1,2013-06-17 00:00:00.000000000,"TDLRP",3.31,3.15,11,"George Washington",1
1,2013-05-02 00:00:00.000000000,"TG5TB",2.18,2.07,10,"George Washington",1
1,2018-02-15 00:00:00.000000000,"TJ07D",3.35,2.91,3,"George Washington",1
1,2016-03-24 00:00:00.000000000,"TJBGJ",2.7,2.24,20,"George Washington",1
1,2010-01-14 00:00:00.000000000,"TJBGJ",2.07,1.95,5,"George Washington",1
0,2018-03-31 00:00:00.000000000,"TJG4G",4.07,4.11,2,"George Washington",1
0,2010-11-17 00:00:00.000000000,"TJG4G",5.77,5.93,3,"George Washington",1
1,2009-08-29 00:00:00.000000000,"TKGM0",4.88,4.83,5,"George Washington",1
0,2010-01-17 00:00:00.000000000,"TKGM0",7.23,7.58,16,"George Washington",1
1,2016-02-10 00:00:00.000000000,"TKZXY",4.45,4.1,21,"George Washington",1
1,2016-06-06 00:00:00.000000000,"TKZXY",5.35,4.33,27,"George Washington",1
0,2019-03-31 00:00:00.000000000,"TKZXY",2.98,3.08,16,"George Washington",1
0,2014-09-29 00:00:00.000000000,"TMW2A",5.99,5.99,8,"George Washington",1
1,2015-07-03 00:00:00.000000000,"TO5GF",9.79,9.4,7,"George Washington",1
1,2018-04-19 00:00:00.000000000,"TO5GF",9.79,9.49,7,"George Washington",1
1,2018-12-01 00:00:00.000000000,"TS3K5",5.82,5.64,6,"George Washington",1
1,2009-08-13 00:00:00.000000000,"TS3K5",4.49,3.77,8,"George Washington",1
1,2016-09-11 00:00:00.000000000,"TUV75",6.46,5.84,4,"George Washington",1
0,2014-03-22 00:00:00.000000000,"TZ8LC",5.91,6.6,9,"George Washington",1
1,2010-06-28 00:00:00.000000000,"TZYVQ",9.3,7.53,21,"George Washington",1
1,2013-10-19 00:00:00.000000000,"U47J1",9.89,9.17,39,"George Washington",1
1,2016-10-29 00:00:00.000000000,"U4XSE",0.73,0.72,17,"George Washington",1
1,2017-08-04 00:00:00.000000000,"U4XSE",4.63,4.26,27,"George Washington",1
1,2018-07-18 00:00:00.000000000,"U6GWD",2.25,1.83,16,"George Washington",1
0,2019-03-25 00:00:00.000000000,"U6H2A",0.06,0.06,5,"George Washington",1
1,2009-06-04 00:00:00.000000000,"U6H2A",1.93,1.83,6,"George Washington",1
1,2013-10-02 00:00:00.000000000,"U6H2A",0.12,0.1,37,"George Washington",1
0,2009-06-19 00:00:00.000000000,"U6L1W",8.4,8.71,2,"George Washington",1
1,2011-03-21 00:00:00.000000000,"U6L1W",8.4,7.31,2,"George Washington",1
1,2012-08-29 00:00:00.000000000,"U8PIH",3.94,3.34,1,"George Washington",1
1,2014-06-15 00:00:00.000000000,"UADWD",7.52,6.83,7,"George Washington",1
1,2017-05-11 00:00:00.000000000,"UADWD",2.32,2.18,9,"George Washington",1
1,2011-01-17 00:00:00.000000000,"UCK6F",0.92,0.89,2,"George Washington",1
0,2011-01-25 00:00:00.000000000,"UCNEZ",0.1,0.1,26,"George Washington",1
1,2009-03-19 00:00:00.000000000,"UFYM3",3.48,2.95,1,"George Washington",1
1,2012-02-24 00:00:00.000000000,"UJBMD",4.95,4.2,31,"George Washington",1
1,2010-04-04 00:00:00.000000000,"UM9G8",2.88,2.73,11,"George Washington",1
1,2014-06-11 00:00:00.000000000,"UM9G8",4.23,3.93,4,"George Washington",1
1,2018-02-07 00:00:00.000000000,"UN0SI",0.32,0.29,50,"George Washington",1
1,2012-09-03 00:00:00.000000000,"UO4JS",4.48,4.22,34,"George Washington",1
1,2010-06-25 00:00:00.000000000,"UO4JS",2.6,2.57,31,"George Washington",1
1,2017-05-27 00:00:00.000000000,"UO4JS",4.54,4.35,28,"George Washington",1
1,2016-08-03 00:00:00.000000000,"UQVDB",7.07,6.53,13,"George Washington",1
0,2012-08-11 00:00:00.000000000,"UQVDB",7.8,7.81,16,"George Washington",1
1,2016-08-11 00:00:00.000000000,"UQVDB",4.64,4.23,29,"George Washington",1
1,2019-09-14 00:00:00.000000000,"UQVDB",2.77,2.63,2,"George Washington",1
1,2012-10-04 00:00:00.000000000,"UXK7Q",2.88,2.85,17,"George Washington",1
1,2017-03-29 00:00:00.000000000,"V3239",0.38,0.36,21,"George Washington",1
0,2010-12-04 00:00:00.000000000,"V36PA",2.11,2.21,9,"George Washington",1
1,2016-01-30 00:00:00.000000000,"V8L6W",7.14,6.66,13,"George Washington",1
1,2009-05-27 00:00:00.000000000,"VCQMD",8.14,7.81,9,"George Washington",1
1,2010-05-19 00:00:00.000000000,"VCQMD",8.14,7.33,9,"George Washington",1
1,2013-11-24 00:00:00.000000000,"VCQMD",8.02,7.86,8,"George Washington",1
1,2015-08-11 00:00:00.000000000,"VCQMD",1.25,1.13,10,"George Washington",1
1,2016-03-21 00:00:00.000000000,"VGIW5",4.4,4.13,28,"George Washington",1
1,2012-05-10 00:00:00.000000000,"VGIW5",6.81,6.54,34,"George Washington",1
1,2013-10-18 00:00:00.000000000,"VGIW5",6.49,5.51,22,"George Washington",1
1,2016-08-23 00:00:00.000000000,"VGIW5",7.91,6.72,16,"George Washington",1
1,2018-08-31 00:00:00.000000000,"VGIW5",9.3,9.03,5,"George Washington",1
1,2012-03-16 00:00:00.000000000,"VHZUD",5.07,4.91,5,"George Washington",1
1,2010-02-12 00:00:00.000000000,"VHZUD",5.21,4.38,4,"George Washington",1
1,2019-11-13 00:00:00.000000000,"VIXSK",7.61,6.47,31,"George Washington",1
0,2012-12-02 00:00:00.000000000,"VIXSK",5.21,5.43,26,"George Washington",1
1,2011-12-30 00:00:00.000000000,"VIXSK",7.43,6.83,7,"George Washington",1
1,2014-08-09 00:00:00.000000000,"VKMQ4",9.5,9.15,2,"George Washington",1
1,2015-04-16 00:00:00.000000000,"VMS7M",5.83,4.72,29,"George Washington",1
1,2012-10-15 00:00:00.000000000,"VMS7M",4.86,4.47,39,"George Washington",1
0,2009-10-23 00:00:00.000000000,"VMS7M",0.11,0.11,18,"George Washington",1
1,2018-06-18 00:00:00.000000000,"VRVG1",2.52,2.04,32,"George Washington",1
1,2018-09-09 00:00:00.000000000,"VU316",7.77,7.21,10,"George Washington",1
1,2015-11-16 00:00:00.000000000,"VU316",4.51,3.79,21,"George Washington",1
1,2017-07-02 00:00:00.000000000,"VWUC7",8.4,7.06,16,"George Washington",1
1,2016-03-05 00:00:00.000000000,"VWUC7",3.31,2.85,2,"George Washington",1
1,2019-02-08 00:00:00.000000000,"VWUC7",8.85,7.17,35,"George Washington",1
0,2013-12-29 00:00:00.000000000,"VWUC7",6.9,7.64,36,"George Washington",1
1,2012-09-19 00:00:00.000000000,"VWUC7",2.94,2.82,38,"George Washington",1
1,2017-08-23 00:00:00.000000000,"VXC25",7.67,6.44,33,"George Washington",1
1,2011-03-20 00:00:00.000000000,"VXC25",6.97,6.67,25,"George Washington",1
1,2018-10-06 00:00:00.000000000,"VY2UB",9.13,7.38,31,"George Washington",1
1,2015-03-26 00:00:00.000000000,"VZELE",6.76,6.01,31,"George Washington",1
0,2017-08-05 00:00:00.000000000,"VZELE",6.34,6.65,25,"George Washington",1
1,2015-05-12 00:00:00.000000000,"VZELE",7.69,6.46,35,"George Washington",1
1,2009-02-19 00:00:00.000000000,"W14J3",8.72,8.28,46,"George Washington",1
1,2018-02-05 00:00:00.000000000,"W14J3",5.3,4.61,1,"George Washington",1
1,2019-11-24 00:00:00.000000000,"W1ZMG",8.68,8.05,2,"George Washington",1
1,2015-06-11 00:00:00.000000000,"W1ZMG",5.18,4.45,19,"George Washington",1
1,2011-08-04 00:00:00.000000000,"W22UD",1.74,1.42,7,"George Washington",1
1,2018-01-10 00:00:00.000000000,"W2MBN",7.33,6.6,28,"George Washington",1
1,2014-12-12 00:00:00.000000000,"W3OJT",6.92,6.64,25,"George Washington",1
1,2013-11-07 00:00:00.000000000,"W5DXH",5.85,4.86,17,"George Washington",1
1,2019-07-25 00:00:00.000000000,"W5DXH",1.7,1.4,33,"George Washington",1
1,2018-04-18 00:00:00.000000000,"W69MG",6.19,5.08,18,"George Washington",1
1,2013-10-02 00:00:00.000000000,"W69MG",5.77,5.48,25,"George Washington",1
1,2015-09-29 00:00:00.000000000,"W85U8",9.96,9.46,10,"George Washington",1
1,2018-01-02 00:00:00.000000000,"W9RKF",8.31,7.15,9,"George Washington",1
1,2014-04-06 00:00:00.000000000,"W9RKF",5.93,5.59,26,"George Washington",1
1,2017-07-11 00:00:00.000000000,"WALAE",7.98,6.54,5,"George Washington",1
1,2009-03-24 00:00:00.000000000,"WALAE",6.91,6.42,9,"George Washington",1
1,2016-11-30 00:00:00.000000000,"WG7HI",4.41,3.92,2,"George Washington",1
0,2015-01-12 00:00:00.000000000,"WHCNY",3.97,4.13,13,"George Washington",1
1,2014-10-15 00:00:00.000000000,"WINPO",4.41,3.53,18,"George Washington",1
1,2010-10-21 00:00:00.000000000,"WINPO",8.49,6.79,6,"George Washington",1
1,2011-07-22 00:00:00.000000000,"WINPO",4.78,4.3,21,"George Washington",1
1,2009-02-11 00:00:00.000000000,"WK41K",6.64,5.91,48,"George Washington",1
1,2015-12-08 00:00:00.000000000,"WK41K",9.14,9.05,11,"George Washington",1
0,2017-09-04 00:00:00.000000000,"WKOLQ",1.36,1.41,35,"George Washington",1
1,2018-06-03 00:00:00.000000000,"WKOLQ",9.27,9.08,1,"George Washington",1
1,2018-09-19 00:00:00.000000000,"WKRVM",0.71,0.69,30,"George Washington",1
1,2019-01-18 00:00:00.000000000,"WN5M8",9.5,8.26,11,"George Washington",1
1,2009-02-10 00:00:00.000000000,"WN5M8",3.04,2.86,31,"George Washington",1
1,2019-01-07 00:00:00.000000000,"WNBBE",9.76,8,22,"George Washington",1
1,2018-02-09 00:00:00.000000000,"WNBBE",3.81,3.31,19,"George Washington",1
1,2019-05-23 00:00:00.000000000,"WNBBE",8.47,6.95,11,"George Washington",1
1,2018-07-18 00:00:00.000000000,"WTLC3",9.8,9.21,19,"George Washington",1
1,2015-01-03 00:00:00.000000000,"WU3ID",8.78,7.62,25,"George Washington",1
1,2010-07-28 00:00:00.000000000,"WU3ID",5.2,4.68,23,"George Washington",1
0,2010-05-02 00:00:00.000000000,"WVJIW",8.81,9.12,19,"George Washington",1
0,2016-12-11 00:00:00.000000000,"WYFCJ",9.54,9.92,19,"George Washington",1
1,2015-03-09 00:00:00.000000000,"WYFCJ",2.08,1.87,7,"George Washington",1
0,2018-12-31 00:00:00.000000000,"WYLDZ",0.48,0.53,41,"George Washington",1
1,2015-01-20 00:00:00.000000000,"WYLDZ",8.4,6.72,34,"George Washington",1
1,2016-04-24 00:00:00.000000000,"X05XH",3.18,2.89,8,"George Washington",1
1,2017-11-29 00:00:00.000000000,"X05XH",2.57,2.24,22,"George Washington",1
0,2014-08-08 00:00:00.000000000,"X05XH",4.35,4.35,26,"George Washington",1
1,2010-01-07 00:00:00.000000000,"X05XH",1.73,1.68,13,"George Washington",1
0,2009-10-25 00:00:00.000000000,"X1EDP",4.63,4.84,3,"George Washington",1
1,2011-02-07 00:00:00.000000000,"X360N",5.14,4.16,11,"George Washington",1
1,2017-12-22 00:00:00.000000000,"X6WYL",4.22,3.82,1,"George Washington",1
1,2018-12-26 00:00:00.000000000,"X9YT7",8.3,7.88,18,"George Washington",1
1,2018-02-08 00:00:00.000000000,"X9YT7",9.95,8.86,9,"George Washington",1
1,2019-05-10 00:00:00.000000000,"XA9RG",9.28,7.98,17,"George Washington",1
1,2013-08-30 00:00:00.000000000,"XA9RG",9.5,8.08,31,"George Washington",1
1,2010-11-17 00:00:00.000000000,"XEP2E",6.09,5.91,23,"George Washington",1
1,2013-06-07 00:00:00.000000000,"XI6YM",7.91,6.8,25,"George Washington",1
0,2017-03-04 00:00:00.000000000,"XI6YM",4.79,5.07,11,"George Washington",1
1,2014-04-09 00:00:00.000000000,"XJ6DD",0.94,0.87,17,"George Washington",1
1,2009-02-06 00:00:00.000000000,"XJLWY",5.23,4.6,18,"George Washington",1
1,2014-01-27 00:00:00.000000000,"XJLWY",0.43,0.42,20,"George Washington",1
1,2011-05-27 00:00:00.000000000,"XJUD6",6.63,5.9,42,"George Washington",1
1,2012-06-12 00:00:00.000000000,"XJUD6",7.03,5.69,40,"George Washington",1
1,2017-10-25 00:00:00.000000000,"XJUD6",5.4,4.69,36,"George Washington",1
1,2011-05-24 00:00:00.000000000,"XJUD6",1.04,1,27,"George Washington",1
1,2011-10-18 00:00:00.000000000,"XOII4",0.24,0.22,30,"George Washington",1
1,2014-06-20 00:00:00.000000000,"XQBTK",3.8,3.19,31,"George Washington",1
1,2013-01-19 00:00:00.000000000,"XQBTK",9.43,9.09,26,"George Washington",1
1,2014-06-16 00:00:00.000000000,"XQBTK",3.34,2.84,15,"George Washington",1
1,2018-01-23 00:00:00.000000000,"Y069M",7.48,7.26,1,"George Washington",1
1,2012-05-18 00:00:00.000000000,"Y069M",6.72,6.52,14,"George Washington",1
1,2019-10-15 00:00:00.000000000,"Y1M2E",1.6,1.52,18,"George Washington",1
1,2013-03-26 00:00:00.000000000,"Y1M2E",7.28,7.2,10,"George Washington",1
1,2012-09-03 00:00:00.000000000,"Y2U6K",2.02,2,5,"George Washington",1
1,2015-07-19 00:00:00.000000000,"Y2U6K",2.61,2.3,14,"George Washington",1
1,2014-08-07 00:00:00.000000000,"Y3KC2",7.19,6.91,10,"George Washington",1
1,2012-05-26 00:00:00.000000000,"Y3KC2",2.06,1.68,7,"George Washington",1
1,2014-03-02 00:00:00.000000000,"Y6DHV",0.22,0.2,18,"George Washington",1
1,2011-04-01 00:00:00.000000000,"Y8N00",1.78,1.56,12,"George Washington",1
1,2018-11-18 00:00:00.000000000,"YIM6C",4.65,4.62,1,"George Washington",1
1,2019-02-15 00:00:00.000000000,"YIM6C",0.78,0.66,10,"George Washington",1
1,2009-03-11 00:00:00.000000000,"YIYJX",6.11,5.87,3,"George Washington",1
1,2019-11-29 00:00:00.000000000,"YM5QP",6.02,5.48,15,"George Washington",1
1,2009-05-05 00:00:00.000000000,"YM5QP",2.51,2.36,46,"George Washington",1
1,2011-03-24 00:00:00.000000000,"YO9TA",5.97,5.19,3,"George Washington",1
1,2016-09-21 00:00:00.000000000,"YO9TA",0.16,0.14,8,"George Washington",1
0,2012-12-15 00:00:00.000000000,"YO9TA",3.37,3.93,18,"George Washington",1
1,2013-10-01 00:00:00.000000000,"YTKQG",3.69,3.47,11,"George Washington",1
1,2014-09-23 00:00:00.000000000,"YVZC5",3.59,3.3,2,"George Washington",1
1,2016-08-10 00:00:00.000000000,"YY5BX",5.04,4.08,20,"George Washington",1
1,2012-03-28 00:00:00.000000000,"YYYV8",1.44,1.16,5,"George Washington",1
1,2011-03-23 00:00:00.000000000,"YYYV8",7.16,6.15,27,"George Washington",1
1,2013-05-13 00:00:00.000000000,"YZ7ZS",8.97,8.61,33,"George Washington",1
1,2019-04-08 00:00:00.000000000,"Z0NZL",4.98,4.93,1,"George Washington",1
0,2009-12-13 00:00:00.000000000,"Z0NZL",1.97,2.07,11,"George Washington",1
1,2019-08-02 00:00:00.000000000,"Z0NZL",1.31,1.3,29,"George Washington",1
1,2010-07-25 00:00:00.000000000,"Z0UBN",8.17,7.19,31,"George Washington",1
1,2010-06-05 00:00:00.000000000,"Z0UBN",9.05,8.54,14,"George Washington",1
1,2015-03-02 00:00:00.000000000,"Z2AX9",7.21,5.98,42,"George Washington",1
1,2014-05-17 00:00:00.000000000,"Z2AX9",7.59,7.35,18,"George Washington",1
0,2018-08-04 00:00:00.000000000,"ZD3Z4",9.31,9.34,19,"George Washington",1
1,2010-08-31 00:00:00.000000000,"ZD3Z4",1.95,1.68,21,"George Washington",1
1,2009-05-05 00:00:00.000000000,"ZD3Z4",7.62,7.31,23,"George Washington",1
1,2017-05-15 00:00:00.000000000,"ZD3Z4",1.95,1.56,21,"George Washington",1
1,2018-12-19 00:00:00.000000000,"ZDER3",2.83,2.63,21,"George Washington",1
0,2012-09-15 00:00:00.000000000,"ZDSYK",6.92,7.02,3,"George Washington",1
1,2013-09-16 00:00:00.000000000,"ZDSYK",6.68,6.28,25,"George Washington",1
1,2009-12-07 00:00:00.000000000,"ZE55T",1.64,1.31,17,"George Washington",1
1,2012-07-18 00:00:00.000000000,"ZE55T",2.14,2.08,14,"George Washington",1
1,2018-06-07 00:00:00.000000000,"ZE55T",6.82,6.41,6,"George Washington",1
1,2011-08-29 00:00:00.000000000,"ZHY6C",9.2,9.11,14,"George Washington",1
1,2010-10-21 00:00:00.000000000,"ZN9A0",3.71,3.67,28,"George Washington",1
1,2018-04-29 00:00:00.000000000,"ZN9A0",0.02,0.01,29,"George Washington",1
0,2013-10-06 00:00:00.000000000,"ZNT7G",4.74,4.96,22,"George Washington",1
1,2018-07-11 00:00:00.000000000,"ZNT7G",6.1,5.06,5,"George Washington",1
0,2010-01-17 00:00:00.000000000,"ZP7RI",0.56,0.63,10,"George Washington",1
1,2009-08-17 00:00:00.000000000,"ZP7RI",9.68,9.2,20,"George Washington",1
1,2009-05-29 00:00:00.000000000,"ZQVBF",1.61,1.56,3,"George Washington",1
1,2009-04-09 00:00:00.000000000,"ZRKHN",9.44,8.12,39,"George Washington",1
1,2016-05-29 00:00:00.000000000,"ZRKHN",7.93,6.88,27,"George Washington",1
1,2015-02-12 00:00:00.000000000,"ZRKHN",3.54,3.19,4,"George Washington",1
0,2016-05-29 00:00:00.000000000,"ZRKHN",9.46,9.94,25,"George Washington",1
1,2016-10-16 00:00:00.000000000,"ZRKHN",9.96,8.75,38,"George Washington",1
0,2010-09-04 00:00:00.000000000,"ZSVWE",5.21,5.31,12,"George Washington",1
1,2009-05-23 00:00:00.000000000,"ZUN8X",7.34,6.73,10,"George Washington",1
0,2012-03-12 00:00:00.000000000,"ZWFSY",7.97,7.97,2,"George Washington",1
1,2014-08-03 00:00:00.000000000,"ZWFSY",7.41,7.11,29,"George Washington",1
0,2014-08-24 00:00:00.000000000,"ZWFSY",9.81,10.31,21,"George Washington",1
1,2014-07-26 00:00:00.000000000,"ZWFSY",0.51,0.46,13,"George Washington",1
1,2016-06-14 00:00:00.000000000,"ZZM1A",3.38,3.25,11,"George Washington",1
